KEY,ID_menage,riz_irrig_hiv2,crops_cult2,season_cult2,Area_cult2,QuantityProduced_cult2,Yield (T/ha),Department,Counties,Village,gpslat,gpslon
uuid:a32377bb-63e8-45ee-885d-8b5cb32c2b33,1.32E+39,1,Irrigated rice winter,1,1.94,8160,4.206185567,PODOR,DODEL,THIALAGA,16.49596833,-14.45341
uuid:a3959a5a-c877-4142-a63a-32b16506805c,1.40E+39,1,Irrigated rice winter,1,0.91,5100,5.604395604,PODOR,DODEL,THIALAGA,16.493855,-14.45401
uuid:b8b54871-df6e-472a-865b-bd47eccf6386,2.83E+39,1,Irrigated rice winter,1,0.5,1800,3.6,PODOR,BOKE DIALLOUBE,GADIOBE,16.11698,-13.96376833
uuid:032afcf7-2301-4f50-bf9e-97bf3a7600f5,3.22E+38,1,Irrigated rice winter,1,1.25,6000,4.8,PODOR,DODEL,THIALAGA,16.49635167,-14.45316
uuid:49e7c682-2ddb-4e82-8f4b-06973169d76c,4.96E+39,1,Irrigated rice winter,1,0.5,1200,2.4,PODOR,DODEL,H1 GOUREL GUELADIO,16.49508167,-14.46107167
uuid:56409721-43cc-444a-a16e-2692a91ab950,5.64E+39,1,Irrigated rice winter,1,0.5,2975,5.95,PODOR,DODEL,THIALAGA,16.49206833,-14.45240833
uuid:fa9013c7-3d43-4f8e-9546-8991b9d75500,6.19E+39,1,Irrigated rice winter,1,1,6120,6.12,PODOR,DODEL,H1 GOUREL GUELADIO,16.50251,-14.45927333
uuid:8032dc14-fd8b-4782-b1a8-d69853cf38e2,8.03E+39,1,Irrigated rice winter,1,0.4,2210,5.525,PODOR,DOUNGA-LAO,AWQUALY (THIEWEL),16.24692833,-14.319325
uuid:c52f3ab3-27d9-44eb-8264-440fbfde1e3c,3.53E+39,1,Irrigated rice winter,1,0.6,3240,5.4,PODOR,GUEDE VILLAGE,DIATAR,16.631945,-14.909405
uuid:ab8d6c3e-91d6-4a81-a64c-c25653cd5c57,1.28E+39,1,Irrigated rice winter,1,0.4,2000,5,PODOR,GUEDE VILLAGE,H23 GAODE BOFFE,16.20203333,-14.91918667
uuid:a58e7e32-d984-46bd-b819-dacb43604df7,1.59E+39,1,Irrigated rice winter,1,0.3,1600,5.333333333,PODOR,BOKE DIALLOUBE,GADIOBE,16.11436,-13.96449167
uuid:2209e4c6-52e3-4f86-ba3d-67fc1c9621ba,2.21E+39,1,Irrigated rice winter,1,2,9000,4.5,PODOR,GUEDE VILLAGE,DIATAR,16.63067667,-14.90874833
uuid:24970ac5-dfe1-4d77-8e69-ddc978a8b0e2,2.50E+39,1,Irrigated rice winter,1,0.4,2500,6.25,PODOR,GUEDE VILLAGE,H23 GAODE BOFFE,16.20092,-14.91612167
uuid:26eba003-de70-4f06-8e8b-076bae41d96e,2.65E+39,1,Irrigated rice winter,1,0.2,1500,7.5,PODOR,BOKE DIALLOUBE,GADIOBE,16.11342,-13.96115333
uuid:c64d477e-a3ff-4c6e-abca-5d872a7bbfbf,3.64E+39,1,Irrigated rice winter,1,0.35,935,2.671428571,PODOR,DOUNGA-LAO,AWQUALY (THIEWEL),16.251985,-14.31611
uuid:d175aad0-51fe-4f68-8848-f7df5667183c,4.18E+39,1,Irrigated rice winter,1,10,480,0.048,PODOR,DOUNGA-LAO,H6 PETEL AWQUALY,16.32183167,-14.32308167
uuid:db9b5119-00d0-4114-99e2-e658122f0013,4.29E+39,1,Irrigated rice winter,1,0.25,2000,8,PODOR,GUEDE VILLAGE,DIATAR,16.63068667,-14.90985
uuid:4dbc71d7-07cd-498c-81b1-a8eb9fd29030,4.42E+39,1,Irrigated rice winter,1,0.09,800,8.888888889,PODOR,DOUNGA-LAO,H6 PETEL AWQUALY,16.32201833,-14.32319
uuid:d82dc0ac-4c85-47cd-8392-5cc71991e361,4.82E+39,1,Irrigated rice winter,1,0.4,2000,5,PODOR,GUEDE VILLAGE,H23 GAODE BOFFE,16.19987167,-14.91564167
uuid:48826e04-7eb1-49b0-ba29-2a067899d19e,4.88E+39,1,Irrigated rice winter,1,0.1,560,5.6,PODOR,DOUNGA-LAO,H6 PETEL AWQUALY,16.32247,-14.32304167
uuid:56bf390b-1d3a-4aef-bcfb-b7e11a0aacf8,5.63E+39,1,Irrigated rice winter,1,0.27,900,3.333333333,PODOR,DOUNGA-LAO,AWQUALY (THIEWEL),16.24968667,-14.315025
uuid:636804c1-8f03-44c8-96fa-5f8fa0565924,6.37E+39,1,Irrigated rice winter,1,0.5,2500,5,PODOR,GUEDE VILLAGE,DIATAR,16.63266333,-14.910755
uuid:66384f73-5fe1-4603-a592-c43d0daddaad,6.64E+39,1,Irrigated rice winter,1,0.4,3400,8.5,PODOR,GUEDE VILLAGE,DIATAR,16.63178667,-14.90965333
uuid:74ce903c-de29-4d65-a171-f9652f70d562,7.44E+39,1,Irrigated rice winter,1,1,2500,2.5,PODOR,DOUNGA-LAO,H6 PETEL AWQUALY,16.32135833,-14.32315667
uuid:7d7292c0-79ec-4be9-8bb4-b1615c034cce,7.47E+39,1,Irrigated rice winter,1,0.35,595,1.7,PODOR,DOUNGA-LAO,AWQUALY (THIEWEL),16.252215,-14.320445
uuid:796cdfe1-63f6-4579-9c43-b319da753224,7.96E+39,1,Irrigated rice winter,1,0.26,2600,10,PODOR,BOKE DIALLOUBE,GADIOBE,16.11547667,-13.96388833
uuid:8fd036b2-9be8-47d5-8e5d-47efa39c7dfc,8.64E+39,1,Irrigated rice winter,2,0.2,1650,8.25,PODOR,GUEDE VILLAGE,H2 VANDE KADE,16.62892167,-14.90089167
uuid:9c761283-50c4-4d6c-bf6b-9a4005261af8,9.38E+39,1,Irrigated rice winter,1,0.09,500,5.555555556,PODOR,DOUNGA-LAO,H6 PETEL AWQUALY,16.32236,-14.323815
uuid:956dff97-42da-4afa-84e7-199344482749,9.56E+39,1,Irrigated rice winter,1,0.35,1750,5,PODOR,GUEDE VILLAGE,DIATAR,16.63031667,-14.90913167
uuid:826eea2b-e840-428c-bfc0-3322b56a4354,8.27E+39,1,Irrigated rice winter,1,5,26650,5.33,DAGANA,DIAMA,MBOUNDOUME BARRAGE,16.39949833,-16.07573667
uuid:8248df92-09ce-45a7-a7a7-11d359526f46,8.25E+39,1,Irrigated rice winter,1,0.38,2584,6.8,DAGANA,DIAMA,MBOUNDOUME BARRAGE,16.40089833,-16.075425
uuid:ca90b085-d475-4013-bb66-d7793ea6ab29,3.19E+39,1,Irrigated rice winter,1,0.4,2430,6.075,PODOR,GUEDE VILLAGE,DIAMBO DIAOBE,16.571045,-14.84369167
uuid:36cae58b-dad7-43f2-a676-1ab83d9c3cbc,3.63E+39,1,Irrigated rice winter,1,0.8,972,1.215,PODOR,GUEDE VILLAGE,DIAMBO DIAOBE,16.57263833,-14.84367
uuid:4b9e9c3b-24e3-428f-9dc1-75e1d757c088,4.30E+39,1,Irrigated rice winter,1,1.53,1898,1.240522876,PODOR,GUEDE VILLAGE,DIAMBO DIAOBE,16.57356,-14.843995
uuid:541d68fe-19bd-4495-ac39-96c6da26d14a,5.41E+39,1,Irrigated rice winter,1,0.6,2484,4.14,PODOR,GUEDE VILLAGE,DIAMBO DIAOBE,16.57293333,-14.84297333
uuid:e425e63f-264f-492f-a779-e4acddb7ccd8,5.43E+39,1,Irrigated rice winter,1,0.53,3240,6.113207547,PODOR,GUEDE VILLAGE,DIAMBO DIAOBE,16.572105,-14.84312167
uuid:07f222fd-fd01-4168-9a65-58f9c33e53da,7.62E+38,1,Irrigated rice winter,1,0.46,2322,5.047826087,PODOR,FANAYE,FANAYE DIERY,16.52658833,-15.217345
uuid:a20fa0b0-d049-4f11-b0bb-476a306f7cd7,1.21E+39,1,Irrigated rice winter,1,0.79,3564,4.511392405,PODOR,GUEDE VILLAGE,DIAMBO DIAOBE,16.57291333,-14.84423
uuid:bb7d8522-5eb4-4eeb-bde4-898bd27e1409,2.27E+39,1,Irrigated rice winter,1,0.4,1458,3.645,PODOR,GUEDE VILLAGE,TAREDJI DECOLLE,16.52173833,-14.87267
uuid:36c402b6-c82a-4e16-a045-6e29efd2b2c7,3.63E+39,1,Irrigated rice winter,1,0.47,1500,3.191489362,PODOR,GUEDE VILLAGE,DIAMBO DIAOBE,16.57438833,-14.84533667
uuid:4a944c65-b353-4a08-91e8-0f982bc091cd,4.19E+39,1,Irrigated rice winter,1,0.9,2100,2.333333333,PODOR,GUEDE VILLAGE,DIAMBO DIAOBE,16.57420167,-14.84472667
uuid:ea84ef26-1703-4cf3-8a66-a96d325e0f06,5.18E+39,1,Irrigated rice winter,2,0.98,3510,3.581632653,PODOR,GUEDE VILLAGE,DIAMBO DIAOBE,16.57274167,-14.844915
uuid:efd9041a-4d16-4309-ae91-6ba9b3a647b7,5.65E+39,1,Irrigated rice winter,1,1.2,3510,2.925,PODOR,GUEDE VILLAGE,DIAMBO DIAOBE,16.57394333,-14.84361
uuid:826eea2b-e840-428c-bfc0-3322b56a4354,8.27E+39,1,Irrigated rice winter,1,3,20500,6.833333333,DAGANA,DIAMA,MBOUNDOUME BARRAGE,16.39949833,-16.07573667
uuid:08cfa4c3-6a07-4218-a514-3e6bd16753a8,8.36E+38,1,Irrigated rice winter,1,0.4,1998,4.995,PODOR,GUEDE VILLAGE,TAREDJI DECOLLE,16.521545,-14.87013167
uuid:1b20cd9d-a66e-4609-89ca-8bdcb9223ddd,1.22E+39,1,Irrigated rice winter,2,0.3,600,2,DAGANA,MBANE,Keur Mbay Nar,16.476935,-15.59590833
uuid:adf93fce-0451-43a0-b201-35ef1bd6347a,1.47E+39,1,Irrigated rice winter,1,0.4,1890,4.725,PODOR,GUEDE VILLAGE,TAREDJI DECOLLE,16.51916667,-14.87187333
uuid:293dea87-7008-42f8-93ed-6308fe94db00,2.93E+39,1,Irrigated rice winter,1,0.4,1350,3.375,PODOR,GUEDE VILLAGE,TAREDJI DECOLLE,16.522445,-14.866905
uuid:cc8d4d35-db55-45a8-a3b9-a86d4eaae166,3.38E+39,1,Irrigated rice winter,1,0.3,972,3.24,PODOR,FANAYE,DIMAR DIERY,16.51347167,-15.12388333
uuid:cc902a9e-a312-4a52-a64d-33788ac0b713,3.39E+39,1,Irrigated rice winter,1,4,28050,7.0125,DAGANA,DIAMA,MBOUNDOUME BARRAGE,16.399115,-16.07456
uuid:05895259-f6b5-410b-b758-2c33ceab405e,5.90E+38,1,Irrigated rice winter,1,1,4320,4.32,PODOR,FANAYE,DIMAR DIERY,16.51498833,-15.12941333
uuid:7efe855c-dfa2-4851-9b73-a7a635f699bd,7.57E+39,1,Irrigated rice winter,1,0.5,2160,4.32,PODOR,FANAYE,DIMAR DIERY,16.51566333,-15.12864333
uuid:8248df92-09ce-45a7-a7a7-11d359526f46,8.25E+39,1,Irrigated rice winter,1,1.65,11220,6.8,DAGANA,DIAMA,MBOUNDOUME BARRAGE,16.40089833,-16.075425
uuid:8248df92-09ce-45a7-a7a7-11d359526f46,8.25E+39,1,Irrigated rice winter,1,1,5780,5.78,DAGANA,DIAMA,MBOUNDOUME BARRAGE,16.40089833,-16.075425
uuid:26d497e0-ac42-4881-bffc-4f1163d71479/prod_parc[2/parc[6,2.64E+39,1,Irrigated rice winter,1,2,750,0.375,,,,,
uuid:3e74e395-2dcf-499b-8ec4-4c009d499b98,3.57E+39,1,Irrigated rice winter,1,0.3,105,0.35,ZIGUINCHOR,NIAGUIS,DJIFANGHOR,12.57246,-16.20849333
uuid:3e74e395-2dcf-499b-8ec4-4c009d499b98,3.57E+39,1,Irrigated rice winter,1,0.3,100,0.3333333333,ZIGUINCHOR,NIAGUIS,DJIFANGHOR,12.57246,-16.20849333
uuid:d2a39fa3-7281-4e17-91c7-d62e3f74c810,4.21E+39,1,Irrigated rice winter,1,0.4,200,0.5,ZIGUINCHOR,NIAGUIS,DJIFANGHOR,12.57207167,-16.20967
uuid:1464e001-0cef-40e0-95e4-a8be75d57615,1.46E+39,1,Irrigated rice winter,1,0.2,90,0.45,ZIGUINCHOR,NIAGUIS,DJIFANGHOR,12.57229167,-16.20859
uuid:2c0a1e33-3eb6-4c51-aebd-47edf5855b5e,2.30E+39,1,Irrigated rice winter,1,0.2,150,0.75,OUSSOUYE,DJEMBERING,DIEMBERING,12.46854333,-16.77807167
uuid:d2a39fa3-7281-4e17-91c7-d62e3f74c810,4.21E+39,1,Irrigated rice winter,1,0.2,110,0.55,ZIGUINCHOR,NIAGUIS,DJIFANGHOR,12.57207167,-16.20967
uuid:76ab9cbd-63c9-4cca-adaa-80118a31941b,7.61E+39,1,Irrigated rice winter,1,0.2,120,0.6,OUSSOUYE,DJEMBERING,DIEMBERING,12.46631,-16.77910167
uuid:12329cfc-3833-4deb-9271-461231512215,1.23E+39,1,Irrigated rice winter,1,0.5,2800,5.6,DAGANA,BOKHOL,BOKHOL,16.523485,-15.40006667
uuid:ef6a645c-a1ff-425b-b25f-d91e66f7ac9f,5.66E+39,1,Irrigated rice winter,1,0.5,3192,6.384,DAGANA,BOKHOL,BOKHOL,16.52336333,-15.40130333
uuid:7f179d1b-ae7f-4ab9-b18e-b99d827d6944,7.62E+39,1,Irrigated rice winter,1,0.96,6560,6.833333333,DAGANA,BOKHOL,BOKHOL,16.52221,-15.39946833
uuid:1464e001-0cef-40e0-95e4-a8be75d57615,1.46E+39,1,Irrigated rice winter,1,0.3,100,0.3333333333,ZIGUINCHOR,NIAGUIS,DJIFANGHOR,12.57229167,-16.20859
uuid:a97afef2-6093-4a68-823a-69cac653d360,1.97E+39,1,Irrigated rice winter,1,0.2,95,0.475,BIGNONA,COUBALAN,KOUBANAO,12.67096167,-16.09206833
uuid:2c0a1e33-3eb6-4c51-aebd-47edf5855b5e,2.30E+39,1,Irrigated rice winter,1,0.3,150,0.5,OUSSOUYE,DJEMBERING,DIEMBERING,12.46854333,-16.77807167
uuid:23dc8b6d-1a10-4ab2-8ea1-a7b0ecbdb77b,2.34E+39,1,Irrigated rice winter,1,0.5,2800,5.6,DAGANA,BOKHOL,BOKHOL,16.5223,-15.40169
uuid:bdcfc760-8dcb-4a08-8df3-14b809028d6f,2.44E+39,1,Irrigated rice winter,1,0.8,2916,3.645,PODOR,FANAYE,DIMAR DIERY,16.51417167,-15.128705
uuid:257cee68-3ec7-4862-8bd5-6ff7df04e68a,2.57E+39,1,Irrigated rice winter,1,0.2,165,0.825,OUSSOUYE,DJEMBERING,DIEMBERING,12.46909167,-16.77791833
uuid:28d13f36-d9ac-4894-be5d-92520a1a6dac,2.84E+39,1,Irrigated rice winter,1,2.5,800,0.32,ZIGUINCHOR,ENAMPORE,KAMOUBEUL,12.50346,-16.433915
uuid:c08acd9a-973e-4188-9d61-d73a6c3b6933,3.08E+39,1,Irrigated rice winter,1,0.3,210,0.7,OUSSOUYE,DJEMBERING,DIEMBERING,12.46987833,-16.77814333
uuid:d11cad3b-6647-45ef-9ab7-3985224487f5,4.11E+39,1,Irrigated rice winter,1,0.1,800,8,DAGANA,MBANE,Toucouleur Diery,16.46832333,-15.63371333
uuid:da2f58cb-fead-4baf-a13d-6f397950789b,4.13E+39,1,Irrigated rice winter,1,1.5,6840,4.56,DAGANA,BOKHOL,BOKHOL,16.523695,-15.40112667
uuid:d2a39fa3-7281-4e17-91c7-d62e3f74c810,4.21E+39,1,Irrigated rice winter,1,0.2,115,0.575,ZIGUINCHOR,NIAGUIS,DJIFANGHOR,12.57207167,-16.20967
uuid:d72be2ed-d23a-4e4a-a12f-3073c4db2660,4.72E+39,1,Irrigated rice winter,1,0.5,200,0.4,ZIGUINCHOR,ENAMPORE,KAMOUBEUL,12.50457833,-16.432125
uuid:47f1c2f5-a621-433f-9a93-e7012fac96e1,4.76E+39,1,Irrigated rice winter,1,1,1500,1.5,PODOR,DOUNGA-LAO,AWQUALY (THIEWEL),16.24962,-14.31619667
uuid:6acd5a6c-2e57-4759-8577-4904c3018ee2,6.13E+39,1,Irrigated rice winter,1,0.3,75,0.25,ZIGUINCHOR,NIAGUIS,DJIFANGHOR,12.57271667,-16.20892833
uuid:76ab9cbd-63c9-4cca-adaa-80118a31941b,7.61E+39,1,Irrigated rice winter,1,0.2,120,0.6,OUSSOUYE,DJEMBERING,DIEMBERING,12.46631,-16.77910167
uuid:7da549c8-5dbc-4e2d-b559-4a99dfa29f33,7.42E+39,1,Irrigated rice winter,1,0.4,1890,4.725,PODOR,GUEDE VILLAGE,TAREDJI DECOLLE,16.52309333,-14.86557333
uuid:8afabe0e-34ce-4ed2-af4c-61f9168f1755,8.16E+39,1,Irrigated rice winter,1,0.3,700,2.333333333,DAGANA,MBANE,Keur Mbay Nar,16.47694167,-15.59815
uuid:8b61856d-225e-4a3f-838a-21b105395c11,8.26E+39,1,Irrigated rice winter,1,0.33,2160,6.545454545,PODOR,FANAYE,FANAYE DIERY,16.52643833,-15.21741
uuid:abcf1d41-bab2-4340-a7c8-03e610962e46,1.24E+39,1,Irrigated rice winter,1,0.5,2400,4.8,DAGANA,BOKHOL,BOKHOL,16.52277833,-15.39927
uuid:a81d010c-b595-4cb0-9df5-3c4b457e762f,1.81E+39,1,Irrigated rice winter,1,0.9,1500,1.666666667,KANEL,ORKADIERE,GOURIKI COLIYABE,,
uuid:b170061e-0480-4670-ab84-5b04f8d0fce8,2.17E+39,1,Irrigated rice winter,1,1,5346,5.346,PODOR,DODEL,THIALAGA,16.49203833,-14.45261667
uuid:2351cdaf-2db6-4976-b824-7ca8fb3da702,2.35E+39,1,Irrigated rice winter,1,1.25,1300,1.04,KANEL,ORKADIERE,GOURIKI COLIYABE,,
uuid:bc7d7715-c6da-4539-b51f-d0b29e15493b,2.37E+39,1,Irrigated rice winter,1,0.5,1750,3.5,KANEL,OURO SIDY,BOW,,
uuid:bd91c6c3-64b1-470e-b9ad-ad42c6e27d32,2.49E+39,1,Irrigated rice winter,1,0.5,900,1.8,KANEL,OURO SIDY,BOW,,
uuid:32ad1ea6-48a4-47d9-a15d-f54521baf1d1,3.21E+39,1,Irrigated rice winter,1,0.5,1900,3.8,KANEL,ORKADIERE,GOURIKI COLIYABE,,
uuid:cedd10fe-e2da-421c-a0a2-47ab5967dc1d,3.54E+39,1,Irrigated rice winter,1,0.5,2500,5,KANEL,ORKADIERE,GOURIKI COLIYABE,15.43910667,-12.95183667
uuid:4193e825-408a-49d5-a005-3e1a935eeec6,4.19E+39,1,Irrigated rice winter,1,1,4000,4,KANEL,ORKADIERE,GOURIKI COLIYABE,,
uuid:4324bccb-a334-4ea3-8b8d-9cea999ea85f,4.32E+39,1,Irrigated rice winter,1,1,2500,2.5,KANEL,ORKADIERE,GOURIKI COLIYABE,,
uuid:4ddcb8f0-9e56-4016-b62a-dbc8a09dcdae,4.44E+39,1,Irrigated rice winter,1,1,2000,2,KANEL,ORKADIERE,GOURIKI COLIYABE,,
uuid:450929f8-9f14-452e-8e99-571833385511,4.51E+39,1,Irrigated rice winter,1,0.5,1400,2.8,KANEL,OURO SIDY,BOW,,
uuid:e3507a1b-8a9f-4ce0-8ff3-356dd8ce1828,5.35E+39,1,Irrigated rice winter,1,1,750,0.75,MATAM,NABADJI-CIVOL,H2 GOUREL DEMBA RACINE,15.84025167,-13.30680167
uuid:5dc82590-b849-4cd9-b9d6-df9a20205291,5.44E+39,1,Irrigated rice winter,1,0.95,4590,4.831578947,DAGANA,DIAMA,BIFFECHE,16.17062833,-16.30854333
uuid:54875365-e700-466d-a648-69617e9695ee,5.49E+39,1,Irrigated rice winter,1,0.72,2100,2.916666667,KANEL,OURO SIDY,BOW,,
uuid:5e6be057-525b-4a0e-8825-579651c7cdfc,5.56E+39,1,Irrigated rice winter,1,0.42,1900,4.523809524,KANEL,ORKADIERE,GOURIKI COLIYABE,15.43851667,-12.95012333
uuid:5f5577ad-3cb3-4d8c-84d0-d1099b6a0375,5.66E+39,1,Irrigated rice winter,1,1,1950,1.95,KANEL,ORKADIERE,GOURIKI COLIYABE,,
uuid:e8e684d7-a26a-40d8-a4a2-2e20271711f4,5.86E+39,1,Irrigated rice winter,1,0.9,2000,2.222222222,KANEL,ORKADIERE,GOURIKI COLIYABE,,
uuid:6004e617-ec67-413c-80f3-4bc6ca3cb1a4,6.00E+39,1,Irrigated rice winter,1,0.06,500,8.333333333,PODOR,BOKE DIALLOUBE,WALLAH,16.51974333,-14.83186167
uuid:621928b5-eb4d-4374-a544-b2f492fc7870,6.22E+39,1,Irrigated rice winter,1,0.5,1750,3.5,KANEL,OURO SIDY,BOW,,
uuid:630bc31e-93c3-45c5-a262-951988324b34,6.30E+39,1,Irrigated rice winter,1,0.9,3150,3.5,KANEL,OURO SIDY,BOW,,
uuid:63c0a6d4-e188-43a7-8b0c-08f6a65df454,6.33E+39,1,Irrigated rice winter,1,0.52,3037,5.840384615,PODOR,DODEL,THIALAGA,16.495925,-14.45753833
uuid:71c52af4-810a-47fb-9a4d-1767859a97d2,7.14E+39,1,Irrigated rice winter,1,1,5435,5.435,PODOR,DODEL,THIALAGA,16.495585,-14.45424667
uuid:8bce4268-7086-4e14-b711-cca21bdfcb75,8.24E+39,1,Irrigated rice winter,1,1,4860,4.86,PODOR,DODEL,THIALAGA,16.49582167,-14.45338333
uuid:8401de46-92e8-462c-bc4a-18fe386624ac,8.40E+39,1,Irrigated rice winter,1,0.3,1300,4.333333333,DAGANA,MBANE,Keur Mbay Nar,16.47752167,-15.59635833
uuid:873757f4-f69d-4956-9110-275294eb8dc3,8.74E+39,1,Irrigated rice winter,1,0.6,1500,2.5,KANEL,OURO SIDY,BOW,,
uuid:a2a7844b-8537-408a-a3f1-5a855dece91a,1.22E+39,1,Irrigated rice winter,1,0.5,100,0.2,VELINGARA,OUASSADOU,MEDINA POUSSANG,12.71892167,-14.19461333
uuid:eb1e1395-a058-4ea5-b342-c73538edadd1,5.22E+39,1,Irrigated rice winter,1,0.7,650,0.9285714286,MEDINA YORO FOULAH,BADION,SARE YORO BAMBI,13.06261,-14.401785
uuid:7e91ba6e-354c-4399-9e5a-4420e31760e6,7.59E+39,1,Irrigated rice winter,1,1.5,2500,1.666666667,MATAM,NABADJI-CIVOL,SEDDO ABBAS,15.77058333,-13.468415
uuid:10cdaffa-c1b8-4676-964e-920ba980799d,1.03E+39,1,Irrigated rice winter,1,1,1750,1.75,MATAM,NABADJI-CIVOL,H2 GOUREL DEMBA RACINE,15.84026167,-13.30673167
uuid:a0f2bdc6-e92b-46f6-8a12-0ec2111cfdfb,1.06E+39,1,Irrigated rice winter,1,0.5,2000,4,MATAM,DABIA,KOBILO DIADIABE,15.92836667,-13.52510667
uuid:107e9338-3e71-4df5-86b1-93f2c8e57863,1.08E+39,1,Irrigated rice winter,1,0.5,200,0.4,GOUDOMP,SIMBADI BALANTE,H1 KRISSIM,12.53567833,-15.74796667
uuid:a08e6985-5c70-42cb-8481-4153affd9a6a,1.09E+39,1,Irrigated rice winter,1,1,5000,5,PODOR,DODEL,THIENEL SAKHOBES,16.598615,-14.92432167
uuid:1a64dcf7-879b-4895-9972-6726c0f4dd94,1.16E+39,1,Irrigated rice winter,1,0.5,2000,4,MATAM,DABIA,SARE LIOU,15.92093333,-13.53208167
uuid:ab2b181d-b282-43dc-8e93-1407a0fe3abf,1.22E+39,1,Irrigated rice winter,1,0.33,540,1.636363636,PODOR,BOKE DIALLOUBE,GADIOBE,16.11690833,-13.96315333
uuid:abc8b19f-746c-4372-a3ba-76e8697932df,1.24E+39,1,Irrigated rice winter,1,0.3,650,2.166666667,DAGANA,MBANE,Keur Mbay Nar,16.47597167,-15.59648
uuid:01bd688c-66fb-49cf-937c-2fedb039b0c6,1.25E+38,1,Irrigated rice winter,1,0.2,1600,8,DAGANA,MBANE,Toucouleur Diery,16.46825667,-15.63379333
uuid:a2e4482c-b4ce-46c8-b43f-d2f7c5779c48,1.25E+39,1,Irrigated rice winter,1,0.2,100,0.5,ZIGUINCHOR,NIAGUIS,DJIFANGHOR,12.57109667,-16.211655
uuid:1be8faf5-1339-427c-bd54-bd72b3ea83eb,1.26E+39,1,Irrigated rice winter,1,0.33,960,2.909090909,PODOR,DOUNGA-LAO,H6 PETEL AWQUALY,16.32096,-14.32139333
uuid:1b94f9f0-9714-4d4d-a09d-214d93e8d6d2,1.29E+39,1,Irrigated rice winter,1,0.5,2500,5,PODOR,FANAYE,FANAYE DIERY,16.52167,-15.18944
uuid:aca1726c-18dd-4824-afb0-e5c18f57181b,1.31E+39,1,Irrigated rice winter,1,0.5,1250,2.5,PODOR,NDIAYENE PENDAO,H5 KOITI GOTTI,16.36447,-14.996885
uuid:0a356269-baae-416c-920e-0655ab442400,1.36E+38,1,Irrigated rice winter,1,0.2,1300,6.5,DAGANA,MBANE,Toucouleur Diery,16.46835833,-15.63378167
uuid:1fb7db00-aa45-4de0-af23-b3ffc7d4c756,1.63E+39,1,Irrigated rice winter,1,0.3,800,2.666666667,DAGANA,MBANE,Keur Mbaye Wolof,16.47856333,-15.60285667
uuid:166405f8-1e7d-4c0e-aa9f-cd1887d12654,1.66E+39,1,Irrigated rice winter,1,0.4,1620,4.05,PODOR,DOUNGA-LAO,H6 PETEL AWQUALY,16.32227,-14.32367833
uuid:a7befff6-c201-4144-9214-466d9ca6d441,1.73E+39,1,Irrigated rice winter,1,0.32,1400,4.375,PODOR,FANAYE,WENDOU OLDOU,16.51975833,-15.188445
uuid:17988c2c-2831-4f02-9444-3f23d10d122c,1.80E+39,1,Irrigated rice winter,1,0.5,3000,6,MATAM,DABIA,KOBILO DIADIABE,15.92785667,-13.52479
uuid:19101c6c-301b-43cd-a350-dfee69dfbe9d,1.91E+39,1,Irrigated rice winter,1,0.5,2500,5,PODOR,NDIAYENE PENDAO,H5 KOITI GOTTI,16.36436667,-14.99689333
uuid:a97afef2-6093-4a68-823a-69cac653d360,1.97E+39,1,Irrigated rice winter,1,0.4,150,0.375,BIGNONA,COUBALAN,KOUBANAO,12.67096167,-16.09206833
uuid:198678e6-fc9e-44af-b763-40f01b59d812,1.99E+39,1,Irrigated rice winter,1,1,1200,1.2,MATAM,NABADJI-CIVOL,H2 GOUREL DEMBA RACINE,15.84027667,-13.30685833
uuid:020619f4-595f-4b77-b1e8-898b4676315f,2.06E+38,1,Irrigated rice winter,1,0.54,1400,2.592592593,PODOR,DOUNGA-LAO,H6 PETEL AWQUALY,16.32054167,-14.32229833
uuid:b1fa9223-d44d-465c-a7d7-222f4a5e8ad7,2.16E+39,1,Irrigated rice winter,1,0.5,1500,3,MATAM,DABIA,SARE LIOU,15.92489333,-13.52424
uuid:2af2a155-2ab5-433d-9ede-9f673ef56000,2.16E+39,1,Irrigated rice winter,1,0.5,1800,3.6,MATAM,DABIA,SARE LIOU,15.91990833,-13.52854167
uuid:b3cc733a-264d-4367-b656-a6e8e75f95bd,2.33E+39,1,Irrigated rice winter,1,0.6,2250,3.75,PODOR,BOKE DIALLOUBE,GADIOBE,16.11625833,-13.96372667
uuid:235ddffa-251e-4124-be57-af00429b0474,2.35E+39,1,Irrigated rice winter,1,2,8100,4.05,PODOR,DOUNGA-LAO,H6 PETEL AWQUALY,16.332305,-14.31076167
uuid:239c4fdb-37a4-4db9-852d-ce63e839a175,2.39E+39,1,Irrigated rice winter,1,0.7,3000,4.285714286,MATAM,DABIA,H1 PARIS LIOU,15.925935,-13.52517667
uuid:b47968e3-ebb5-4ba2-b2be-bc59a260472e,2.48E+39,1,Irrigated rice winter,1,0.3,2000,6.666666667,DAGANA,MBANE,Keur Mbay Nar,16.47786667,-15.59637333
uuid:be0711ce-e57d-4241-a404-e4f481b9449f,2.51E+39,1,Irrigated rice winter,1,0.5,2500,5,MATAM,DABIA,KOBILO DIADIABE,15.92638,-13.52534333
uuid:257cee68-3ec7-4862-8bd5-6ff7df04e68a,2.57E+39,1,Irrigated rice winter,1,0.3,200,0.6666666667,OUSSOUYE,DJEMBERING,DIEMBERING,12.46909167,-16.77791833
uuid:bf63d5d8-39b8-4b99-b776-5f28113df821,2.66E+39,1,Irrigated rice winter,1,1.5,500,0.3333333333,VELINGARA,PAROUMBA,BODORA,12.74031,-13.78400833
uuid:b7992d07-cb33-45b7-ab2a-50ac65aceff6,2.80E+39,1,Irrigated rice winter,1,1.2,2000,1.666666667,MATAM,DABIA,KOBILO DIADIABE,15.92684167,-13.52524833
uuid:c08acd9a-973e-4188-9d61-d73a6c3b6933,3.08E+39,1,Irrigated rice winter,1,0.2,180,0.9,OUSSOUYE,DJEMBERING,DIEMBERING,12.46987833,-16.77814333
uuid:311368d7-c649-4372-ac67-4621481e4027,3.11E+39,1,Irrigated rice winter,1,0.5,2000,4,MATAM,DABIA,SARE LIOU,15.92418833,-13.52751333
uuid:314796bc-ac5d-42d7-80d1-1078ebdfccba,3.15E+39,1,Irrigated rice winter,1,0.25,2000,8,DAGANA,MBANE,Toucouleur Diery,16.46838167,-15.63384
uuid:cd832f71-a928-4d12-9ddf-412cced352b5,3.48E+39,1,Irrigated rice winter,1,0.5,3000,6,PODOR,NDIAYENE PENDAO,H5 KOITI GOTTI,16.364595,-14.99699
uuid:0380d9a0-1e0a-4ff7-9834-8c2a26412063,3.80E+38,1,Irrigated rice winter,1,0.7,3000,4.285714286,MATAM,DABIA,SARE LIOU,15.92091167,-13.52668333
uuid:3836d7b1-c426-497a-a91e-7ed719cea6eb,3.84E+39,1,Irrigated rice winter,1,1,2500,2.5,PODOR,DOUNGA-LAO,AWQUALY (THIEWEL),16.24949333,-14.31594667
uuid:383ff19b-d6b8-4109-b665-a6f262944c11,3.84E+39,1,Irrigated rice winter,1,0.5,2000,4,MATAM,DABIA,KOBILO DIADIABE,15.927015,-13.52628667
uuid:c91e20af-5e35-4274-bdc8-1a70aec546e8,3.92E+39,1,Irrigated rice winter,1,0.82,4860,5.926829268,PODOR,DOUNGA-LAO,AWQUALY (THIEWEL),16.24968,-14.31618833
uuid:39f00ca9-480e-4cad-9b12-5882bcd82157,3.96E+39,1,Irrigated rice winter,1,0.3,2500,8.333333333,DAGANA,MBANE,Toucouleur Diery,16.46844167,-15.63372833
uuid:d11cad3b-6647-45ef-9ab7-3985224487f5,4.11E+39,1,Irrigated rice winter,1,0.15,1200,8,DAGANA,MBANE,Toucouleur Diery,16.46832333,-15.63371333
uuid:da61a712-ea22-4bdb-ad75-4d6132bd6d71,4.16E+39,1,Irrigated rice winter,1,0.3,150,0.5,OUSSOUYE,DJEMBERING,DIEMBERING,,
uuid:420df1ae-1113-41fc-b4b6-e7efd26847d7,4.20E+39,1,Irrigated rice winter,1,0.5,1500,3,MATAM,DABIA,KOBILO DIADIABE,15.92791167,-13.526005
uuid:d214d59a-2bec-4285-8920-78995c13a739,4.21E+39,1,Irrigated rice winter,1,0.1,600,6,DAGANA,MBANE,Toucouleur Diery,16.4683,-15.6338
uuid:042fdf6f-996a-4a5c-9b10-aab2b2378088,4.26E+38,1,Irrigated rice winter,1,0.5,1500,3,MATAM,DABIA,H1 PARIS LIOU,15.92064333,-13.52187667
uuid:ddd9c19d-bc47-49c3-8034-971cd5edc931,4.45E+39,1,Irrigated rice winter,1,0.5,1500,3,MATAM,DABIA,KOBILO DIADIABE,15.919955,-13.52564833
uuid:deab29f7-81f8-4fcc-9440-f68eaf8e5012,4.51E+39,1,Irrigated rice winter,1,0.5,2550,5.1,MATAM,DABIA,H1 PARIS LIOU,15.92540333,-13.52440833
uuid:46f2b069-5c12-4fd0-aebd-f8dcddfb5669,4.66E+39,1,Irrigated rice winter,1,0.5,1080,2.16,PODOR,NDIAYENE PENDAO,H5 KOITI GOTTI,16.364325,-14.996975
uuid:d7763e85-1a7c-4694-b23b-63d097dc6006,4.78E+39,1,Irrigated rice winter,1,0.5,2000,4,PODOR,NDIAYENE PENDAO,H5 KOITI GOTTI,16.36465667,-14.99682167
uuid:e20dbb0c-76dd-49b5-8a76-69f3a0e4bdfd,5.20E+39,1,Irrigated rice winter,1,0.4,160,0.4,ZIGUINCHOR,ENAMPORE,KAMOUBEUL,12.50361,-16.43327833
uuid:0ebcf100-38ea-48f0-bee0-ab5b1360125a,5.24E+38,1,Irrigated rice winter,1,0.79,3000,3.797468354,PODOR,DODEL,THIENEL SAKHOBES,16.59985,-14.92302
uuid:5c1b34a3-2937-403b-985f-5fbb3b6f7513,5.31E+39,1,Irrigated rice winter,1,1,3000,3,MATAM,NABADJI-CIVOL,H1 BASSOUDJ,15.79304,-13.28862
uuid:5cae92e4-195c-4b5d-817e-e5faf3198157,5.32E+39,1,Irrigated rice winter,1,0.7,2500,3.571428571,MATAM,DABIA,KOBILO DIADIABE,15.92845333,-13.526675
uuid:53710736-af58-4376-af97-70cafadd1711,5.37E+39,1,Irrigated rice winter,1,0.75,4500,6,PODOR,DODEL,THIENEL SAKHOBES,16.59876167,-14.924195
uuid:55c76dd7-172c-4cc3-8660-6a928ccd570f,5.54E+39,1,Irrigated rice winter,1,0.1,400,4,PODOR,BOKE DIALLOUBE,WALLAH,16.519625,-14.834455
uuid:e6931333-3118-4756-990d-ad6bb669c9ea,5.69E+39,1,Irrigated rice winter,1,0.5,2500,5,PODOR,NDIAYENE PENDAO,H5 KOITI GOTTI,16.36459,-14.99673167
uuid:60a8f5b3-f0d2-4720-9b86-52aa669d7b39,6.02E+39,1,Irrigated rice winter,1,0.7,3000,4.285714286,MATAM,DABIA,SARE LIOU,15.920585,-13.52837833
uuid:f1e38397-e624-41fc-a04a-f828387714ee,6.15E+39,1,Irrigated rice winter,1,0.5,3456,6.912,PODOR,FANAYE,DIMAR DIERY,16.51458,-15.12966667
uuid:fd57bfb8-953d-4494-acfb-79170b9de79a,6.46E+39,1,Irrigated rice winter,1,0.5,2500,5,MATAM,DABIA,SARE LIOU,15.92344333,-13.52691333
uuid:fd9d3aff-1a06-4c49-8101-de84eb1ceda5,6.49E+39,1,Irrigated rice winter,1,0.5,1500,3,MATAM,DABIA,KOBILO DIADIABE,15.92809667,-13.52407333
uuid:f5e304e7-df00-4b83-94af-b0ea4c3a6a8c,6.55E+39,1,Irrigated rice winter,1,1,350,0.35,GOUDOMP,DJIBANAR,BIRKAMA,12.56024167,-15.839445
uuid:6f7330b1-7372-4ab0-bd3b-5eb55f7498a2,6.67E+39,1,Irrigated rice winter,1,1,5880,5.88,PODOR,DOUNGA-LAO,AWQUALY (THIEWEL),16.25030167,-14.31495667
uuid:693be5f1-5203-4a33-86ab-049329235710,6.93E+39,1,Irrigated rice winter,1,0.3,400,1.333333333,DAGANA,MBANE,Keur Mbay Nar,16.476505,-15.59618667
uuid:f9efd73b-1913-4aa0-a199-11b944116d6e,6.96E+39,1,Irrigated rice winter,1,0.5,2500,5,PODOR,DODEL,THIENEL SAKHOBES,16.59850333,-14.924125
uuid:712de0f0-8de2-4f43-92ee-46152b15d33e,7.12E+39,1,Irrigated rice winter,1,0.5,2400,4.8,PODOR,FANAYE,FORAGE WENDOU OLDOU,16.36427667,-14.99691
uuid:7f42e5c8-809c-4559-ab11-c83eeefd2b7f,7.64E+39,1,Irrigated rice winter,1,0.7,2500,3.571428571,MATAM,DABIA,SARE LIOU,15.92101667,-13.53211833
uuid:786f32c4-f24d-46af-a26a-4b9a421585ea,7.87E+39,1,Irrigated rice winter,1,0.7,2500,3.571428571,MATAM,DABIA,H1 PARIS LIOU,15.925785,-13.52527333
uuid:8a8c08f1-c054-4f4e-b197-bae0871abbd1,8.18E+39,1,Irrigated rice winter,1,0.7,2000,2.857142857,MATAM,DABIA,KOBILO DIADIABE,15.92736833,-13.52760167
uuid:8593517d-f8ae-4c4b-baff-b55de57ed536,8.59E+39,1,Irrigated rice winter,1,1,3000,3,MATAM,DABIA,KOBILO DIADIABE,15.92805,-13.52591167
uuid:8646ec37-cfd2-4977-8ab3-5d3d83e4c945,8.65E+39,1,Irrigated rice winter,1,0.42,1920,4.571428571,DAGANA,BOKHOL,BOKHOL,16.52239333,-15.40174
uuid:936d4319-bde1-4fbc-9158-d80e42d964b0,9.36E+39,1,Irrigated rice winter,1,0.25,2500,10,PODOR,BOKE DIALLOUBE,GADIOBE,16.11648333,-13.96268833
uuid:9dccc379-e244-4e53-b7dd-52513a0fe4f9,9.43E+39,1,Irrigated rice winter,1,1.2,7884,6.57,PODOR,GUEDE VILLAGE,TAREDJI DECOLLE,16.52275667,-14.86854167
uuid:976030c2-93aa-4f9c-a3f0-df9369ad8024,9.76E+39,1,Irrigated rice winter,1,0.62,400,0.6451612903,DAGANA,MBANE,Keur Mbay Nar,16.47643833,-15.598125
uuid:99542020-c49e-42a4-a353-e08a08e09c72,9.95E+39,1,Irrigated rice winter,1,1,1250,1.25,MATAM,NABADJI-CIVOL,H2 GOUREL DEMBA RACINE,15.84020333,-13.30672167
uuid:735d7a89-c61a-40b8-8a3a-66d008dcbbbd,7.35E+39,1,Irrigated rice winter,1,0.5,400,0.8,FOUNDIOUGNE,NIORO ALASSANE TALL,PAKALA,13.74782167,-16.35759333
uuid:e7935cc7-a65a-4f05-9cc3-be6ac3fe3bb4,5.79E+39,1,Irrigated rice winter,1,0.4,370,0.925,FOUNDIOUGNE,NIORO ALASSANE TALL,PAKALA,13.747775,-16.35763333
uuid:2b2335ec-3fc2-4d42-b582-953c8585a2a3,2.22E+39,1,Irrigated rice winter,1,2,1000,0.5,VELINGARA,PAKOUR,PAKOUR,12.76049167,-13.95937833
uuid:313b4eed-3335-438a-aa30-6153ceab60ea,3.13E+39,1,Irrigated rice winter,1,1,50,0.05,FOUNDIOUGNE,TOUBACOUTA,SANTAMBA,13.73929667,-16.42682833
uuid:3e7c7138-1f9f-4620-bcd5-93a96aea07ce,3.57E+39,1,Irrigated rice winter,1,2,400,0.2,FOUNDIOUGNE,TOUBACOUTA,NDOUMBOUDJI,13.745925,-16.43266833
uuid:1367df7e-a341-46d6-a6c2-a2d25dddcd82,1.37E+39,1,Irrigated rice winter,3,0.4,2300,5.75,MATAM,BOKIDIAWE,DOUMGA RINDIAO,15.86577167,-13.46716
uuid:0520b355-cdbb-4c49-b242-a2e03f1d5925,5.20E+38,1,Irrigated rice winter,1,1,3500,3.5,MATAM,NABADJI-CIVOL,H1 BASSOUDJ,15.79317,-13.28795167
uuid:7d78101d-2913-4fde-8d33-cfd361506c3e,7.48E+39,1,Irrigated rice winter,1,1.5,4320,2.88,PODOR,NDIAYENE PENDAO,H9 KODITH NDIANDANE,16.59052333,-14.96469
uuid:9c5872ee-363d-4d19-a63a-56d4cdf92853,9.36E+39,1,Irrigated rice winter,1,1,4752,4.752,PODOR,NDIAYENE PENDAO,H9 KODITH NDIANDANE,16.590335,-14.96545167
uuid:c13146cf-4164-4046-9008-f892dcc534e1,3.13E+39,1,Irrigated rice winter,1,0.4,1000,2.5,PODOR,MBOLO BIRANE,GANGUEL,16.0938,-13.840445
uuid:c9802337-899c-4027-8a8a-9d72a67da288,3.98E+39,1,Irrigated rice winter,1,0.5,2000,4,PODOR,NDIAYENE PENDAO,NDIAYENNE PENDAO,16.50410833,-15.04646333
uuid:f0ae6210-0819-4eb2-b6ae-2fb475085c01,6.02E+39,1,Irrigated rice winter,1,0.7,4845,6.921428571,DAGANA,DIAMA,BIFFECHE,16.17113167,-16.30659333
uuid:b2851d96-c0de-4359-85db-75d0022974b3,2.29E+39,1,Irrigated rice winter,1,0.7,3500,5,MATAM,BOKIDIAWE,BOKIDIAWE SARAKHOLE,15.83058833,-13.45547333
uuid:1c7082a7-6473-4c5a-a799-3bdd4ad855f1,1.37E+39,1,Irrigated rice winter,1,0.7,2350,3.357142857,MATAM,BOKIDIAWE,BOKIDIAWE SARAKHOLE,15.884065,-13.49498167
uuid:efe31bd7-131c-4ac1-937d-37b07ecb1b6f,5.65E+39,1,Irrigated rice winter,1,1,100,0.1,VELINGARA,OUASSADOU,MEDINA POUSSANG,12.718925,-14.19470333
uuid:96206f19-e1dc-4632-a82d-0d6949451a34,9.62E+39,1,Irrigated rice winter,1,1.4,10500,7.5,MATAM,BOKIDIAWE,BOKIDIAWE SARAKHOLE,15.88405333,-13.49560333
uuid:1367df7e-a341-46d6-a6c2-a2d25dddcd82,1.37E+39,1,Irrigated rice winter,3,0.6,2250,3.75,MATAM,BOKIDIAWE,DOUMGA RINDIAO,15.86577167,-13.46716
uuid:137695df-6148-445c-95dd-06634a702679,1.38E+39,1,Irrigated rice winter,1,1,3000,3,BIGNONA,SINDIAN,SINDIAN,12.96353833,-16.18085667
uuid:1516753d-c77c-42c0-8688-8e4b71c663c2,1.52E+39,1,Irrigated rice winter,1,5,1000,0.2,FOUNDIOUGNE,TOUBACOUTA,BETTENTY,13.69119833,-16.63135333
uuid:1f8b874f-81b4-41a7-810c-c85d3b815a2f,1.68E+39,1,Irrigated rice winter,2,1.4,4800,3.428571429,MATAM,BOKIDIAWE,BOKIDIAWE SARAKHOLE,15.60934,-13.32031333
uuid:2019ceb7-96dd-4385-989a-9b50a61182f2,2.02E+39,1,Irrigated rice winter,1,0.7,4500,6.428571429,MATAM,BOKIDIAWE,BOKIDIAWE SARAKHOLE,15.67802333,-13.33943833
uuid:b0f45698-26ed-4aa0-804d-60f765e5bed6,2.06E+39,1,Irrigated rice winter,1,1,150,0.15,FOUNDIOUGNE,TOUBACOUTA,BETTENTY,13.691465,-16.63233167
uuid:b23522cf-e663-424e-9e42-44b3a1ab36e4,2.24E+39,1,Irrigated rice winter,1,1,125,0.125,FOUNDIOUGNE,TOUBACOUTA,BETTENTY,13.69452,-16.63246167
uuid:33048b5a-b218-4da7-82cb-aecc5370a26e,3.30E+39,1,Irrigated rice winter,1,1.4,5000,3.571428571,MATAM,BOKIDIAWE,BOKIDIAWE SARAKHOLE,15.83055,-13.45542167
uuid:cebc5dcf-83be-44d9-b9ed-0f4686169b77,3.52E+39,1,Irrigated rice winter,1,0.5,2100,4.2,MATAM,NABADJI-CIVOL,H1 BASSOUDJ,15.79244833,-13.28828
uuid:4ab9d564-e270-4ec8-868c-88fc6e132738,4.13E+39,1,Irrigated rice winter,1,1,150,0.15,FOUNDIOUGNE,TOUBACOUTA,BETTENTY,13.69343,-16.63134167
uuid:0520b355-cdbb-4c49-b242-a2e03f1d5925,5.20E+38,1,Irrigated rice winter,1,1,400,0.4,MATAM,NABADJI-CIVOL,H1 BASSOUDJ,15.79317,-13.28795167
uuid:e848e1b2-532a-4079-ac23-405c3cc7bce6,5.85E+39,1,Irrigated rice winter,1,0.7,4000,5.714285714,MATAM,BOKIDIAWE,BOKIDIAWE SARAKHOLE,15.60884667,-13.31986333
uuid:fb05dd59-b686-467e-a128-bc7176823c00,6.21E+39,1,Irrigated rice winter,1,1,1800,1.8,MATAM,NABADJI-CIVOL,H1 BASSOUDJ,15.79343833,-13.28825833
uuid:fb802901-3586-4f3c-9e90-a73d34ee7f4e,6.28E+39,1,Irrigated rice winter,1,1,1000,1,MATAM,NABADJI-CIVOL,H2 GOUREL DEMBA RACINE,15.84024,-13.306805
uuid:fed9625d-9d8b-4b3e-947c-829d570314ba,6.55E+39,1,Irrigated rice winter,1,0.5,3500,7,MATAM,BOKIDIAWE,BOKIDIAWE SARAKHOLE,15.60923333,-13.320665
uuid:f5588414-9a15-4baa-83f3-865bee51b800,6.56E+39,1,Irrigated rice winter,1,0.25,1350,5.4,PODOR,BOKE DIALLOUBE,GADIOBE,16.11790167,-13.96337333
uuid:7225baea-ebbf-49c4-b05f-559b947ba3f3,7.23E+39,1,Irrigated rice winter,1,0.8,800,1,FOUNDIOUGNE,TOUBACOUTA,BETTENTY,13.76081,-16.27631833
uuid:7b450298-5196-46f7-b7b5-3d9affdc2c7b,7.25E+39,1,Irrigated rice winter,1,0.7,3500,5,MATAM,BOKIDIAWE,BOKIDIAWE SARAKHOLE,15.60878667,-13.32038833
uuid:869ca1cc-c55f-4131-bd25-e46720532868,8.69E+39,1,Irrigated rice winter,2,0.7,3900,5.571428571,MATAM,BOKIDIAWE,BOKIDIAWE SARAKHOLE,15.60914833,-13.32044
uuid:88e65a55-1430-40c8-817a-d15b7bfc50e2,8.86E+39,1,Irrigated rice winter,1,1,1620,1.62,MATAM,NABADJI-CIVOL,H1 BASSOUDJ,15.79272167,-13.288185