,region,year,crop,value
0,Dakar,2014,Maize,17.19
1,Diourbel,2014,Maize,20.67
2,Fatick,2014,Maize,20.75
3,Kaffrine,2014,Maize,20.6
4,Kaolack,2014,Maize,20.6
5,Kolda,2014,Maize,17.91
6,Kédougou,2014,Maize,17.95
7,Louga,2014,Maize,17.19
8,Matam,2014,Maize,17.19
9,Saint-Louis,2014,Maize,17.19
10,Sédhiou,2014,Maize,17.93
11,Tambacounda,2014,Maize,17.19
12,Thiès,2014,Maize,17.19
13,Ziguinchor,2014,Maize,17.94
14,Dakar,2019,Maize,15.34
15,Diourbel,2019,Maize,17.19
16,Fatick,2019,Maize,17.19
17,Kaffrine,2019,Maize,17.19
18,Kaolack,2019,Maize,17.19
19,Kolda,2019,Maize,15.86
20,Kédougou,2019,Maize,15.86
21,Louga,2019,Maize,15.53
22,Matam,2019,Maize,15.43
23,Saint-Louis,2019,Maize,15.43
24,Sédhiou,2019,Maize,15.93
25,Tambacounda,2019,Maize,15.53
26,Thiès,2019,Maize,15.49
27,Ziguinchor,2019,Maize,15.86
28,Dakar,2013,Maize,17.19
29,Diourbel,2013,Maize,20.71
30,Fatick,2013,Maize,20.71
31,Kaffrine,2013,Maize,20.71
32,Kaolack,2013,Maize,20.6
33,Kolda,2013,Maize,17.95
34,Kédougou,2013,Maize,17.95
35,Louga,2013,Maize,17.19
36,Matam,2013,Maize,17.19
37,Saint-Louis,2013,Maize,17.19
38,Sédhiou,2013,Maize,17.95
39,Tambacounda,2013,Maize,17.19
40,Thiès,2013,Maize,17.19
41,Ziguinchor,2013,Maize,17.94
42,Dakar,2015,Maize,17.19
43,Diourbel,2015,Maize,20.6
44,Fatick,2015,Maize,20.6
45,Kaffrine,2015,Maize,20.45
46,Kaolack,2015,Maize,20.52
47,Kolda,2015,Maize,17.93
48,Kédougou,2015,Maize,17.93
49,Louga,2015,Maize,17.19
50,Matam,2015,Maize,17.19
51,Saint-Louis,2015,Maize,17.19
52,Sédhiou,2015,Maize,17.91
53,Tambacounda,2015,Maize,17.19
54,Thiès,2015,Maize,17.19
55,Ziguinchor,2015,Maize,17.93
56,Dakar,2018,Maize,15.34
57,Diourbel,2018,Maize,17.19
58,Fatick,2018,Maize,17.19
59,Kaffrine,2018,Maize,17.19
60,Kaolack,2018,Maize,17.19
61,Kolda,2018,Maize,15.86
62,Kédougou,2018,Maize,15.86
63,Louga,2018,Maize,15.53
64,Matam,2018,Maize,15.43
65,Saint-Louis,2018,Maize,15.43
66,Sédhiou,2018,Maize,15.93
67,Tambacounda,2018,Maize,15.53
68,Thiès,2018,Maize,15.49
69,Ziguinchor,2018,Maize,15.86
70,Dakar,2016,Maize,17.19
71,Diourbel,2016,Maize,20.52
72,Fatick,2016,Maize,20.45
73,Kaffrine,2016,Maize,28.85
74,Kaolack,2016,Maize,20.34
75,Kolda,2016,Maize,26.57
76,Kédougou,2016,Maize,26.57
77,Louga,2016,Maize,17.19
78,Matam,2016,Maize,17.19
79,Saint-Louis,2016,Maize,17.19
80,Sédhiou,2016,Maize,26.54
81,Tambacounda,2016,Maize,17.19
82,Thiès,2016,Maize,25.94
83,Ziguinchor,2016,Maize,17.91
84,Dakar,2017,Maize,17.19
85,Diourbel,2017,Maize,20.52
86,Fatick,2017,Maize,20.45
87,Kaffrine,2017,Maize,20.45
88,Kaolack,2017,Maize,20.34
89,Kolda,2017,Maize,17.91
90,Kédougou,2017,Maize,17.91
91,Louga,2017,Maize,17.19
92,Matam,2017,Maize,17.19
93,Saint-Louis,2017,Maize,17.19
94,Sédhiou,2017,Maize,17.86
95,Tambacounda,2017,Maize,17.19
96,Thiès,2017,Maize,17.19
97,Ziguinchor,2017,Maize,17.91
98,Dakar,2014,Rice,
99,Diourbel,2014,Rice,
100,Fatick,2014,Rice,10.93
101,Kaffrine,2014,Rice,10.85
102,Kaolack,2014,Rice,10.85
103,Kolda,2014,Rice,11.65
104,Kédougou,2014,Rice,11.6
105,Louga,2014,Rice,10.85
106,Matam,2014,Rice,11.15
107,Saint-Louis,2014,Rice,11.15
108,Sédhiou,2014,Rice,12.05
109,Tambacounda,2014,Rice,10.89
110,Thiès,2014,Rice,10.85
111,Ziguinchor,2014,Rice,12.02
112,Dakar,2019,Rice,
113,Diourbel,2019,Rice,
114,Fatick,2019,Rice,11.09
115,Kaffrine,2019,Rice,10.85
116,Kaolack,2019,Rice,10.85
117,Kolda,2019,Rice,11.7
118,Kédougou,2019,Rice,11.79
119,Louga,2019,Rice,10.85
120,Matam,2019,Rice,11.25
121,Saint-Louis,2019,Rice,11.37
122,Sédhiou,2019,Rice,11.79
123,Tambacounda,2019,Rice,11.05
124,Thiès,2019,Rice,10.85
125,Ziguinchor,2019,Rice,12.13
126,Dakar,2013,Rice,
127,Diourbel,2013,Rice,
128,Fatick,2013,Rice,10.93
129,Kaffrine,2013,Rice,10.85
130,Kaolack,2013,Rice,10.85
131,Kolda,2013,Rice,11.6
132,Kédougou,2013,Rice,11.6
133,Louga,2013,Rice,10.85
134,Matam,2013,Rice,11.05
135,Saint-Louis,2013,Rice,11.05
136,Sédhiou,2013,Rice,12.02
137,Tambacounda,2013,Rice,10.89
138,Thiès,2013,Rice,10.85
139,Ziguinchor,2013,Rice,12.02
140,Dakar,2015,Rice,
141,Diourbel,2015,Rice,
142,Fatick,2015,Rice,11.09
143,Kaffrine,2015,Rice,10.85
144,Kaolack,2015,Rice,10.85
145,Kolda,2015,Rice,11.6
146,Kédougou,2015,Rice,11.65
147,Louga,2015,Rice,10.85
148,Matam,2015,Rice,11.25
149,Saint-Louis,2015,Rice,11.21
150,Sédhiou,2015,Rice,11.65
151,Tambacounda,2015,Rice,11.05
152,Thiès,2015,Rice,10.85
153,Ziguinchor,2015,Rice,12.02
154,Dakar,2018,Rice,
155,Diourbel,2018,Rice,
156,Fatick,2018,Rice,11.09
157,Kaffrine,2018,Rice,10.85
158,Kaolack,2018,Rice,10.85
159,Kolda,2018,Rice,11.7
160,Kédougou,2018,Rice,11.79
161,Louga,2018,Rice,10.85
162,Matam,2018,Rice,11.25
163,Saint-Louis,2018,Rice,11.37
164,Sédhiou,2018,Rice,11.79
165,Tambacounda,2018,Rice,11.05
166,Thiès,2018,Rice,10.85
167,Ziguinchor,2018,Rice,12.13
168,Dakar,2016,Rice,
169,Diourbel,2016,Rice,
170,Fatick,2016,Rice,11.09
171,Kaffrine,2016,Rice,10.85
172,Kaolack,2016,Rice,10.85
173,Kolda,2016,Rice,22.69
174,Kédougou,2016,Rice,11.79
175,Louga,2016,Rice,10.85
176,Matam,2016,Rice,11.25
177,Saint-Louis,2016,Rice,11.37
178,Sédhiou,2016,Rice,22.76
179,Tambacounda,2016,Rice,11.05
180,Thiès,2016,Rice,10.85
181,Ziguinchor,2016,Rice,23.07
182,Dakar,2017,Rice,
183,Diourbel,2017,Rice,
184,Fatick,2017,Rice,11.09
185,Kaffrine,2017,Rice,10.85
186,Kaolack,2017,Rice,10.85
187,Kolda,2017,Rice,11.7
188,Kédougou,2017,Rice,11.79
189,Louga,2017,Rice,10.85
190,Matam,2017,Rice,11.25
191,Saint-Louis,2017,Rice,11.37
192,Sédhiou,2017,Rice,11.79
193,Tambacounda,2017,Rice,11.05
194,Thiès,2017,Rice,10.85
195,Ziguinchor,2017,Rice,12.13
196,Dakar,2014,Sorghum,11.09
197,Diourbel,2014,Sorghum,12.27
198,Fatick,2014,Sorghum,12.25
199,Kaffrine,2014,Sorghum,11.26
200,Kaolack,2014,Sorghum,11.26
201,Kolda,2014,Sorghum,12.45
202,Kédougou,2014,Sorghum,11.27
203,Louga,2014,Sorghum,11.18
204,Matam,2014,Sorghum,11.11
205,Saint-Louis,2014,Sorghum,11.16
206,Sédhiou,2014,Sorghum,11.36
207,Tambacounda,2014,Sorghum,11.22
208,Thiès,2014,Sorghum,11.14
209,Ziguinchor,2014,Sorghum,11.4
210,Dakar,2019,Sorghum,11.09
211,Diourbel,2019,Sorghum,12.29
212,Fatick,2019,Sorghum,12.29
213,Kaffrine,2019,Sorghum,11.26
214,Kaolack,2019,Sorghum,11.31
215,Kolda,2019,Sorghum,12.49
216,Kédougou,2019,Sorghum,11.4
217,Louga,2019,Sorghum,11.31
218,Matam,2019,Sorghum,11.2
219,Saint-Louis,2019,Sorghum,11.31
220,Sédhiou,2019,Sorghum,11.5
221,Tambacounda,2019,Sorghum,11.31
222,Thiès,2019,Sorghum,11.2
223,Ziguinchor,2019,Sorghum,11.4
224,Dakar,2013,Sorghum,11.09
225,Diourbel,2013,Sorghum,12.26
226,Fatick,2013,Sorghum,12.26
227,Kaffrine,2013,Sorghum,11.2
228,Kaolack,2013,Sorghum,11.18
229,Kolda,2013,Sorghum,12.45
230,Kédougou,2013,Sorghum,11.25
231,Louga,2013,Sorghum,11.14
232,Matam,2013,Sorghum,11.16
233,Saint-Louis,2013,Sorghum,11.2
234,Sédhiou,2013,Sorghum,11.3
235,Tambacounda,2013,Sorghum,11.2
236,Thiès,2013,Sorghum,11.14
237,Ziguinchor,2013,Sorghum,11.32
238,Dakar,2015,Sorghum,11.09
239,Diourbel,2015,Sorghum,12.29
240,Fatick,2015,Sorghum,12.24
241,Kaffrine,2015,Sorghum,11.26
242,Kaolack,2015,Sorghum,11.26
243,Kolda,2015,Sorghum,12.45
244,Kédougou,2015,Sorghum,11.36
245,Louga,2015,Sorghum,11.22
246,Matam,2015,Sorghum,11.16
247,Saint-Louis,2015,Sorghum,11.31
248,Sédhiou,2015,Sorghum,11.4
249,Tambacounda,2015,Sorghum,11.26
250,Thiès,2015,Sorghum,11.14
251,Ziguinchor,2015,Sorghum,11.36
252,Dakar,2018,Sorghum,11.09
253,Diourbel,2018,Sorghum,12.29
254,Fatick,2018,Sorghum,12.29
255,Kaffrine,2018,Sorghum,11.26
256,Kaolack,2018,Sorghum,11.31
257,Kolda,2018,Sorghum,12.49
258,Kédougou,2018,Sorghum,11.4
259,Louga,2018,Sorghum,11.31
260,Matam,2018,Sorghum,11.2
261,Saint-Louis,2018,Sorghum,11.31
262,Sédhiou,2018,Sorghum,11.5
263,Tambacounda,2018,Sorghum,11.31
264,Thiès,2018,Sorghum,11.2
265,Ziguinchor,2018,Sorghum,11.4
266,Dakar,2016,Sorghum,11.09
267,Diourbel,2016,Sorghum,12.29
268,Fatick,2016,Sorghum,12.29
269,Kaffrine,2016,Sorghum,22.19
270,Kaolack,2016,Sorghum,11.31
271,Kolda,2016,Sorghum,12.49
272,Kédougou,2016,Sorghum,11.4
273,Louga,2016,Sorghum,11.31
274,Matam,2016,Sorghum,11.2
275,Saint-Louis,2016,Sorghum,11.31
276,Sédhiou,2016,Sorghum,22.39
277,Tambacounda,2016,Sorghum,22.23
278,Thiès,2016,Sorghum,22.13
279,Ziguinchor,2016,Sorghum,11.4
280,Dakar,2017,Sorghum,11.09
281,Diourbel,2017,Sorghum,12.29
282,Fatick,2017,Sorghum,12.29
283,Kaffrine,2017,Sorghum,11.26
284,Kaolack,2017,Sorghum,11.31
285,Kolda,2017,Sorghum,12.49
286,Kédougou,2017,Sorghum,11.4
287,Louga,2017,Sorghum,11.31
288,Matam,2017,Sorghum,11.2
289,Saint-Louis,2017,Sorghum,11.31
290,Sédhiou,2017,Sorghum,11.5
291,Tambacounda,2017,Sorghum,11.31
292,Thiès,2017,Sorghum,11.2
293,Ziguinchor,2017,Sorghum,11.4
294,Dakar,2014,Millet,8.02
295,Diourbel,2014,Millet,8.43
296,Fatick,2014,Millet,8.49
297,Kaffrine,2014,Millet,8.27
298,Kaolack,2014,Millet,8.54
299,Kolda,2014,Millet,10.63
300,Kédougou,2014,Millet,10.63
301,Louga,2014,Millet,8.18
302,Matam,2014,Millet,8.06
303,Saint-Louis,2014,Millet,8.34
304,Sédhiou,2014,Millet,10.68
305,Tambacounda,2014,Millet,8.27
306,Thiès,2014,Millet,8.31
307,Ziguinchor,2014,Millet,10.63
308,Dakar,2019,Millet,8.02
309,Diourbel,2019,Millet,8.69
310,Fatick,2019,Millet,8.69
311,Kaffrine,2019,Millet,8.54
312,Kaolack,2019,Millet,8.54
313,Kolda,2019,Millet,10.76
314,Kédougou,2019,Millet,10.63
315,Louga,2019,Millet,8.34
316,Matam,2019,Millet,8.12
317,Saint-Louis,2019,Millet,8.46
318,Sédhiou,2019,Millet,10.76
319,Tambacounda,2019,Millet,8.34
320,Thiès,2019,Millet,8.54
321,Ziguinchor,2019,Millet,10.63
322,Dakar,2013,Millet,8.02
323,Diourbel,2013,Millet,8.4
324,Fatick,2013,Millet,8.49
325,Kaffrine,2013,Millet,8.18
326,Kaolack,2013,Millet,8.43
327,Kolda,2013,Millet,10.63
328,Kédougou,2013,Millet,
329,Louga,2013,Millet,8.21
330,Matam,2013,Millet,8.12
331,Saint-Louis,2013,Millet,8.37
332,Sédhiou,2013,Millet,10.68
333,Tambacounda,2013,Millet,8.18
334,Thiès,2013,Millet,8.31
335,Ziguinchor,2013,Millet,10.63
336,Dakar,2015,Millet,8.02
337,Diourbel,2015,Millet,8.54
338,Fatick,2015,Millet,8.54
339,Kaffrine,2015,Millet,8.54
340,Kaolack,2015,Millet,20.55
341,Kolda,2015,Millet,10.63
342,Kédougou,2015,Millet,10.63
343,Louga,2015,Millet,8.27
344,Matam,2015,Millet,8.12
345,Saint-Louis,2015,Millet,8.34
346,Sédhiou,2015,Millet,10.76
347,Tambacounda,2015,Millet,8.18
348,Thiès,2015,Millet,8.49
349,Ziguinchor,2015,Millet,10.63
350,Dakar,2018,Millet,8.02
351,Diourbel,2018,Millet,8.69
352,Fatick,2018,Millet,8.69
353,Kaffrine,2018,Millet,8.54
354,Kaolack,2018,Millet,8.54
355,Kolda,2018,Millet,10.76
356,Kédougou,2018,Millet,10.63
357,Louga,2018,Millet,8.34
358,Matam,2018,Millet,8.12
359,Saint-Louis,2018,Millet,8.46
360,Sédhiou,2018,Millet,10.76
361,Tambacounda,2018,Millet,8.34
362,Thiès,2018,Millet,8.54
363,Ziguinchor,2018,Millet,10.63
364,Dakar,2016,Millet,8.02
365,Diourbel,2016,Millet,20.8
366,Fatick,2016,Millet,8.69
367,Kaffrine,2016,Millet,20.67
368,Kaolack,2016,Millet,8.54
369,Kolda,2016,Millet,22.6
370,Kédougou,2016,Millet,10.63
371,Louga,2016,Millet,8.34
372,Matam,2016,Millet,8.12
373,Saint-Louis,2016,Millet,8.46
374,Sédhiou,2016,Millet,10.76
375,Tambacounda,2016,Millet,8.34
376,Thiès,2016,Millet,20.67
377,Ziguinchor,2016,Millet,10.63
378,Dakar,2017,Millet,8.02
379,Diourbel,2017,Millet,8.69
380,Fatick,2017,Millet,8.69
381,Kaffrine,2017,Millet,8.54
382,Kaolack,2017,Millet,8.54
383,Kolda,2017,Millet,10.76
384,Kédougou,2017,Millet,10.63
385,Louga,2017,Millet,8.34
386,Matam,2017,Millet,8.12
387,Saint-Louis,2017,Millet,8.46
388,Sédhiou,2017,Millet,10.76
389,Tambacounda,2017,Millet,8.34
390,Thiès,2017,Millet,8.54
391,Ziguinchor,2017,Millet,10.63
392,Dakar,2014,Wheat,
393,Diourbel,2014,Wheat,
394,Fatick,2014,Wheat,
395,Kaffrine,2014,Wheat,
396,Kaolack,2014,Wheat,
397,Kolda,2014,Wheat,
398,Kédougou,2014,Wheat,
399,Louga,2014,Wheat,
400,Matam,2014,Wheat,
401,Saint-Louis,2014,Wheat,
402,Sédhiou,2014,Wheat,
403,Tambacounda,2014,Wheat,
404,Thiès,2014,Wheat,
405,Ziguinchor,2014,Wheat,
406,Dakar,2019,Wheat,
407,Diourbel,2019,Wheat,
408,Fatick,2019,Wheat,
409,Kaffrine,2019,Wheat,
410,Kaolack,2019,Wheat,
411,Kolda,2019,Wheat,
412,Kédougou,2019,Wheat,
413,Louga,2019,Wheat,
414,Matam,2019,Wheat,
415,Saint-Louis,2019,Wheat,
416,Sédhiou,2019,Wheat,
417,Tambacounda,2019,Wheat,
418,Thiès,2019,Wheat,
419,Ziguinchor,2019,Wheat,
420,Dakar,2013,Wheat,
421,Diourbel,2013,Wheat,
422,Fatick,2013,Wheat,
423,Kaffrine,2013,Wheat,
424,Kaolack,2013,Wheat,
425,Kolda,2013,Wheat,
426,Kédougou,2013,Wheat,
427,Louga,2013,Wheat,
428,Matam,2013,Wheat,
429,Saint-Louis,2013,Wheat,
430,Sédhiou,2013,Wheat,
431,Tambacounda,2013,Wheat,
432,Thiès,2013,Wheat,
433,Ziguinchor,2013,Wheat,
434,Dakar,2015,Wheat,
435,Diourbel,2015,Wheat,
436,Fatick,2015,Wheat,
437,Kaffrine,2015,Wheat,
438,Kaolack,2015,Wheat,
439,Kolda,2015,Wheat,
440,Kédougou,2015,Wheat,
441,Louga,2015,Wheat,
442,Matam,2015,Wheat,
443,Saint-Louis,2015,Wheat,
444,Sédhiou,2015,Wheat,
445,Tambacounda,2015,Wheat,
446,Thiès,2015,Wheat,
447,Ziguinchor,2015,Wheat,
448,Dakar,2018,Wheat,
449,Diourbel,2018,Wheat,
450,Fatick,2018,Wheat,
451,Kaffrine,2018,Wheat,
452,Kaolack,2018,Wheat,
453,Kolda,2018,Wheat,
454,Kédougou,2018,Wheat,
455,Louga,2018,Wheat,
456,Matam,2018,Wheat,
457,Saint-Louis,2018,Wheat,
458,Sédhiou,2018,Wheat,
459,Tambacounda,2018,Wheat,
460,Thiès,2018,Wheat,
461,Ziguinchor,2018,Wheat,
462,Dakar,2016,Wheat,
463,Diourbel,2016,Wheat,
464,Fatick,2016,Wheat,
465,Kaffrine,2016,Wheat,
466,Kaolack,2016,Wheat,
467,Kolda,2016,Wheat,
468,Kédougou,2016,Wheat,
469,Louga,2016,Wheat,
470,Matam,2016,Wheat,
471,Saint-Louis,2016,Wheat,
472,Sédhiou,2016,Wheat,
473,Tambacounda,2016,Wheat,
474,Thiès,2016,Wheat,
475,Ziguinchor,2016,Wheat,
476,Dakar,2017,Wheat,
477,Diourbel,2017,Wheat,
478,Fatick,2017,Wheat,
479,Kaffrine,2017,Wheat,
480,Kaolack,2017,Wheat,
481,Kolda,2017,Wheat,
482,Kédougou,2017,Wheat,
483,Louga,2017,Wheat,
484,Matam,2017,Wheat,
485,Saint-Louis,2017,Wheat,
486,Sédhiou,2017,Wheat,
487,Tambacounda,2017,Wheat,
488,Thiès,2017,Wheat,
489,Ziguinchor,2017,Wheat,
490,Dakar,2014,Barley,
491,Diourbel,2014,Barley,
492,Fatick,2014,Barley,
493,Kaffrine,2014,Barley,
494,Kaolack,2014,Barley,
495,Kolda,2014,Barley,
496,Kédougou,2014,Barley,
497,Louga,2014,Barley,
498,Matam,2014,Barley,
499,Saint-Louis,2014,Barley,
500,Sédhiou,2014,Barley,
501,Tambacounda,2014,Barley,
502,Thiès,2014,Barley,
503,Ziguinchor,2014,Barley,
504,Dakar,2019,Barley,
505,Diourbel,2019,Barley,
506,Fatick,2019,Barley,
507,Kaffrine,2019,Barley,
508,Kaolack,2019,Barley,
509,Kolda,2019,Barley,
510,Kédougou,2019,Barley,
511,Louga,2019,Barley,
512,Matam,2019,Barley,
513,Saint-Louis,2019,Barley,
514,Sédhiou,2019,Barley,
515,Tambacounda,2019,Barley,
516,Thiès,2019,Barley,
517,Ziguinchor,2019,Barley,
518,Dakar,2013,Barley,
519,Diourbel,2013,Barley,
520,Fatick,2013,Barley,
521,Kaffrine,2013,Barley,
522,Kaolack,2013,Barley,
523,Kolda,2013,Barley,
524,Kédougou,2013,Barley,
525,Louga,2013,Barley,
526,Matam,2013,Barley,
527,Saint-Louis,2013,Barley,
528,Sédhiou,2013,Barley,
529,Tambacounda,2013,Barley,
530,Thiès,2013,Barley,
531,Ziguinchor,2013,Barley,
532,Dakar,2015,Barley,
533,Diourbel,2015,Barley,
534,Fatick,2015,Barley,
535,Kaffrine,2015,Barley,
536,Kaolack,2015,Barley,
537,Kolda,2015,Barley,
538,Kédougou,2015,Barley,
539,Louga,2015,Barley,
540,Matam,2015,Barley,
541,Saint-Louis,2015,Barley,
542,Sédhiou,2015,Barley,
543,Tambacounda,2015,Barley,
544,Thiès,2015,Barley,
545,Ziguinchor,2015,Barley,
546,Dakar,2018,Barley,
547,Diourbel,2018,Barley,
548,Fatick,2018,Barley,
549,Kaffrine,2018,Barley,
550,Kaolack,2018,Barley,
551,Kolda,2018,Barley,
552,Kédougou,2018,Barley,
553,Louga,2018,Barley,
554,Matam,2018,Barley,
555,Saint-Louis,2018,Barley,
556,Sédhiou,2018,Barley,
557,Tambacounda,2018,Barley,
558,Thiès,2018,Barley,
559,Ziguinchor,2018,Barley,
560,Dakar,2016,Barley,
561,Diourbel,2016,Barley,
562,Fatick,2016,Barley,
563,Kaffrine,2016,Barley,
564,Kaolack,2016,Barley,
565,Kolda,2016,Barley,
566,Kédougou,2016,Barley,
567,Louga,2016,Barley,
568,Matam,2016,Barley,
569,Saint-Louis,2016,Barley,
570,Sédhiou,2016,Barley,
571,Tambacounda,2016,Barley,
572,Thiès,2016,Barley,
573,Ziguinchor,2016,Barley,
574,Dakar,2017,Barley,
575,Diourbel,2017,Barley,
576,Fatick,2017,Barley,
577,Kaffrine,2017,Barley,
578,Kaolack,2017,Barley,
579,Kolda,2017,Barley,
580,Kédougou,2017,Barley,
581,Louga,2017,Barley,
582,Matam,2017,Barley,
583,Saint-Louis,2017,Barley,
584,Sédhiou,2017,Barley,
585,Tambacounda,2017,Barley,
586,Thiès,2017,Barley,
587,Ziguinchor,2017,Barley,
588,Dakar,2014,Fonio,
589,Diourbel,2014,Fonio,
590,Fatick,2014,Fonio,
591,Kaffrine,2014,Fonio,
592,Kaolack,2014,Fonio,11.48
593,Kolda,2014,Fonio,11.67
594,Kédougou,2014,Fonio,11.74
595,Louga,2014,Fonio,
596,Matam,2014,Fonio,
597,Saint-Louis,2014,Fonio,
598,Sédhiou,2014,Fonio,12.04
599,Tambacounda,2014,Fonio,11.48
600,Thiès,2014,Fonio,
601,Ziguinchor,2014,Fonio,
602,Dakar,2019,Fonio,
603,Diourbel,2019,Fonio,
604,Fatick,2019,Fonio,
605,Kaffrine,2019,Fonio,
606,Kaolack,2019,Fonio,11.48
607,Kolda,2019,Fonio,11.85
608,Kédougou,2019,Fonio,12.04
609,Louga,2019,Fonio,
610,Matam,2019,Fonio,
611,Saint-Louis,2019,Fonio,
612,Sédhiou,2019,Fonio,11.89
613,Tambacounda,2019,Fonio,11.48
614,Thiès,2019,Fonio,
615,Ziguinchor,2019,Fonio,
616,Dakar,2013,Fonio,
617,Diourbel,2013,Fonio,
618,Fatick,2013,Fonio,
619,Kaffrine,2013,Fonio,
620,Kaolack,2013,Fonio,11.48
621,Kolda,2013,Fonio,11.64
622,Kédougou,2013,Fonio,11.77
623,Louga,2013,Fonio,
624,Matam,2013,Fonio,
625,Saint-Louis,2013,Fonio,
626,Sédhiou,2013,Fonio,11.89
627,Tambacounda,2013,Fonio,11.48
628,Thiès,2013,Fonio,
629,Ziguinchor,2013,Fonio,
630,Dakar,2015,Fonio,
631,Diourbel,2015,Fonio,
632,Fatick,2015,Fonio,
633,Kaffrine,2015,Fonio,
634,Kaolack,2015,Fonio,11.48
635,Kolda,2015,Fonio,11.76
636,Kédougou,2015,Fonio,11.89
637,Louga,2015,Fonio,
638,Matam,2015,Fonio,
639,Saint-Louis,2015,Fonio,
640,Sédhiou,2015,Fonio,11.89
641,Tambacounda,2015,Fonio,
642,Thiès,2015,Fonio,
643,Ziguinchor,2015,Fonio,
644,Dakar,2018,Fonio,
645,Diourbel,2018,Fonio,
646,Fatick,2018,Fonio,
647,Kaffrine,2018,Fonio,
648,Kaolack,2018,Fonio,11.48
649,Kolda,2018,Fonio,11.85
650,Kédougou,2018,Fonio,12.04
651,Louga,2018,Fonio,
652,Matam,2018,Fonio,
653,Saint-Louis,2018,Fonio,
654,Sédhiou,2018,Fonio,11.89
655,Tambacounda,2018,Fonio,11.48
656,Thiès,2018,Fonio,
657,Ziguinchor,2018,Fonio,
658,Dakar,2016,Fonio,
659,Diourbel,2016,Fonio,
660,Fatick,2016,Fonio,
661,Kaffrine,2016,Fonio,
662,Kaolack,2016,Fonio,11.48
663,Kolda,2016,Fonio,23.55
664,Kédougou,2016,Fonio,23.7
665,Louga,2016,Fonio,
666,Matam,2016,Fonio,
667,Saint-Louis,2016,Fonio,
668,Sédhiou,2016,Fonio,23.58
669,Tambacounda,2016,Fonio,11.48
670,Thiès,2016,Fonio,
671,Ziguinchor,2016,Fonio,
672,Dakar,2017,Fonio,
673,Diourbel,2017,Fonio,
674,Fatick,2017,Fonio,
675,Kaffrine,2017,Fonio,
676,Kaolack,2017,Fonio,11.48
677,Kolda,2017,Fonio,11.85
678,Kédougou,2017,Fonio,12.04
679,Louga,2017,Fonio,
680,Matam,2017,Fonio,
681,Saint-Louis,2017,Fonio,
682,Sédhiou,2017,Fonio,11.89
683,Tambacounda,2017,Fonio,11.48
684,Thiès,2017,Fonio,
685,Ziguinchor,2017,Fonio,
686,Dakar,2014,Oats,
687,Diourbel,2014,Oats,
688,Fatick,2014,Oats,
689,Kaffrine,2014,Oats,
690,Kaolack,2014,Oats,
691,Kolda,2014,Oats,
692,Kédougou,2014,Oats,
693,Louga,2014,Oats,
694,Matam,2014,Oats,
695,Saint-Louis,2014,Oats,
696,Sédhiou,2014,Oats,
697,Tambacounda,2014,Oats,
698,Thiès,2014,Oats,
699,Ziguinchor,2014,Oats,
700,Dakar,2019,Oats,
701,Diourbel,2019,Oats,
702,Fatick,2019,Oats,
703,Kaffrine,2019,Oats,
704,Kaolack,2019,Oats,
705,Kolda,2019,Oats,
706,Kédougou,2019,Oats,
707,Louga,2019,Oats,
708,Matam,2019,Oats,
709,Saint-Louis,2019,Oats,
710,Sédhiou,2019,Oats,
711,Tambacounda,2019,Oats,
712,Thiès,2019,Oats,
713,Ziguinchor,2019,Oats,
714,Dakar,2013,Oats,
715,Diourbel,2013,Oats,
716,Fatick,2013,Oats,
717,Kaffrine,2013,Oats,
718,Kaolack,2013,Oats,
719,Kolda,2013,Oats,
720,Kédougou,2013,Oats,
721,Louga,2013,Oats,
722,Matam,2013,Oats,
723,Saint-Louis,2013,Oats,
724,Sédhiou,2013,Oats,
725,Tambacounda,2013,Oats,
726,Thiès,2013,Oats,
727,Ziguinchor,2013,Oats,
728,Dakar,2015,Oats,
729,Diourbel,2015,Oats,
730,Fatick,2015,Oats,
731,Kaffrine,2015,Oats,
732,Kaolack,2015,Oats,
733,Kolda,2015,Oats,
734,Kédougou,2015,Oats,
735,Louga,2015,Oats,
736,Matam,2015,Oats,
737,Saint-Louis,2015,Oats,
738,Sédhiou,2015,Oats,
739,Tambacounda,2015,Oats,
740,Thiès,2015,Oats,
741,Ziguinchor,2015,Oats,
742,Dakar,2018,Oats,
743,Diourbel,2018,Oats,
744,Fatick,2018,Oats,
745,Kaffrine,2018,Oats,
746,Kaolack,2018,Oats,
747,Kolda,2018,Oats,
748,Kédougou,2018,Oats,
749,Louga,2018,Oats,
750,Matam,2018,Oats,
751,Saint-Louis,2018,Oats,
752,Sédhiou,2018,Oats,
753,Tambacounda,2018,Oats,
754,Thiès,2018,Oats,
755,Ziguinchor,2018,Oats,
756,Dakar,2016,Oats,
757,Diourbel,2016,Oats,
758,Fatick,2016,Oats,
759,Kaffrine,2016,Oats,
760,Kaolack,2016,Oats,
761,Kolda,2016,Oats,
762,Kédougou,2016,Oats,
763,Louga,2016,Oats,
764,Matam,2016,Oats,
765,Saint-Louis,2016,Oats,
766,Sédhiou,2016,Oats,
767,Tambacounda,2016,Oats,
768,Thiès,2016,Oats,
769,Ziguinchor,2016,Oats,
770,Dakar,2017,Oats,
771,Diourbel,2017,Oats,
772,Fatick,2017,Oats,
773,Kaffrine,2017,Oats,
774,Kaolack,2017,Oats,
775,Kolda,2017,Oats,
776,Kédougou,2017,Oats,
777,Louga,2017,Oats,
778,Matam,2017,Oats,
779,Saint-Louis,2017,Oats,
780,Sédhiou,2017,Oats,
781,Tambacounda,2017,Oats,
782,Thiès,2017,Oats,
783,Ziguinchor,2017,Oats,
784,Dakar,2014,Teff,
785,Diourbel,2014,Teff,
786,Fatick,2014,Teff,
787,Kaffrine,2014,Teff,
788,Kaolack,2014,Teff,
789,Kolda,2014,Teff,
790,Kédougou,2014,Teff,
791,Louga,2014,Teff,
792,Matam,2014,Teff,
793,Saint-Louis,2014,Teff,
794,Sédhiou,2014,Teff,
795,Tambacounda,2014,Teff,
796,Thiès,2014,Teff,
797,Ziguinchor,2014,Teff,
798,Dakar,2019,Teff,
799,Diourbel,2019,Teff,
800,Fatick,2019,Teff,
801,Kaffrine,2019,Teff,
802,Kaolack,2019,Teff,
803,Kolda,2019,Teff,
804,Kédougou,2019,Teff,
805,Louga,2019,Teff,
806,Matam,2019,Teff,
807,Saint-Louis,2019,Teff,
808,Sédhiou,2019,Teff,
809,Tambacounda,2019,Teff,
810,Thiès,2019,Teff,
811,Ziguinchor,2019,Teff,
812,Dakar,2013,Teff,
813,Diourbel,2013,Teff,
814,Fatick,2013,Teff,
815,Kaffrine,2013,Teff,
816,Kaolack,2013,Teff,
817,Kolda,2013,Teff,
818,Kédougou,2013,Teff,
819,Louga,2013,Teff,
820,Matam,2013,Teff,
821,Saint-Louis,2013,Teff,
822,Sédhiou,2013,Teff,
823,Tambacounda,2013,Teff,
824,Thiès,2013,Teff,
825,Ziguinchor,2013,Teff,
826,Dakar,2015,Teff,
827,Diourbel,2015,Teff,
828,Fatick,2015,Teff,
829,Kaffrine,2015,Teff,
830,Kaolack,2015,Teff,
831,Kolda,2015,Teff,
832,Kédougou,2015,Teff,
833,Louga,2015,Teff,
834,Matam,2015,Teff,
835,Saint-Louis,2015,Teff,
836,Sédhiou,2015,Teff,
837,Tambacounda,2015,Teff,
838,Thiès,2015,Teff,
839,Ziguinchor,2015,Teff,
840,Dakar,2018,Teff,
841,Diourbel,2018,Teff,
842,Fatick,2018,Teff,
843,Kaffrine,2018,Teff,
844,Kaolack,2018,Teff,
845,Kolda,2018,Teff,
846,Kédougou,2018,Teff,
847,Louga,2018,Teff,
848,Matam,2018,Teff,
849,Saint-Louis,2018,Teff,
850,Sédhiou,2018,Teff,
851,Tambacounda,2018,Teff,
852,Thiès,2018,Teff,
853,Ziguinchor,2018,Teff,
854,Dakar,2016,Teff,
855,Diourbel,2016,Teff,
856,Fatick,2016,Teff,
857,Kaffrine,2016,Teff,
858,Kaolack,2016,Teff,
859,Kolda,2016,Teff,
860,Kédougou,2016,Teff,
861,Louga,2016,Teff,
862,Matam,2016,Teff,
863,Saint-Louis,2016,Teff,
864,Sédhiou,2016,Teff,
865,Tambacounda,2016,Teff,
866,Thiès,2016,Teff,
867,Ziguinchor,2016,Teff,
868,Dakar,2017,Teff,
869,Diourbel,2017,Teff,
870,Fatick,2017,Teff,
871,Kaffrine,2017,Teff,
872,Kaolack,2017,Teff,
873,Kolda,2017,Teff,
874,Kédougou,2017,Teff,
875,Louga,2017,Teff,
876,Matam,2017,Teff,
877,Saint-Louis,2017,Teff,
878,Sédhiou,2017,Teff,
879,Tambacounda,2017,Teff,
880,Thiès,2017,Teff,
881,Ziguinchor,2017,Teff,
