ISO3,Country,Region,Service Type,Year,Coverage,Service level
SEN,Senegal,Dakar,Drinking water,2017,99.5893,At least basic
SEN,Senegal,Dakar,Sanitation,2017,70.6456,At least basic
SEN,Senegal,Dakar,Hygiene,2017,63.34134,Basic service
SEN,Senegal,Dakar,Drinking water,2017,0,Limited service
SEN,Senegal,Dakar,Hygiene,2017,14.99058,Limited service
SEN,Senegal,Dakar,Sanitation,2017,28.58579,Limited service
SEN,Senegal,Dakar,Hygiene,2017,21.66808,No handwashing facility
SEN,Senegal,Dakar,Sanitation,2017,0,Open defecation
SEN,Senegal,Dakar,Drinking water,2017,0,Surface water
SEN,Senegal,Dakar,Drinking water,2017,0.4107,Unimproved
SEN,Senegal,Dakar,Sanitation,2017,0.7686,Unimproved
SEN,Senegal,Diourbel,Drinking water,2017,91.78532,At least basic
SEN,Senegal,Diourbel,Sanitation,2017,71.65223,At least basic
SEN,Senegal,Diourbel,Hygiene,2017,13.27736,Basic service
SEN,Senegal,Diourbel,Drinking water,2017,3.22911,Limited service
SEN,Senegal,Diourbel,Hygiene,2017,21.17353,Limited service
SEN,Senegal,Diourbel,Sanitation,2017,5.71216,Limited service
SEN,Senegal,Diourbel,Hygiene,2017,65.54911,No handwashing facility
SEN,Senegal,Diourbel,Sanitation,2017,16.26942,Open defecation
SEN,Senegal,Diourbel,Drinking water,2017,0,Surface water
SEN,Senegal,Diourbel,Drinking water,2017,4.98557,Unimproved
SEN,Senegal,Diourbel,Sanitation,2017,6.36618,Unimproved
SEN,Senegal,Fatick,Drinking water,2017,64.47183,At least basic
SEN,Senegal,Fatick,Sanitation,2017,47.06006,At least basic
SEN,Senegal,Fatick,Hygiene,2017,8.76429,Basic service
SEN,Senegal,Fatick,Drinking water,2017,1.04472,Limited service
SEN,Senegal,Fatick,Hygiene,2017,34.46658,Limited service
SEN,Senegal,Fatick,Sanitation,2017,13.47112,Limited service
SEN,Senegal,Fatick,Hygiene,2017,56.76913,No handwashing facility
SEN,Senegal,Fatick,Sanitation,2017,26.39186,Open defecation
SEN,Senegal,Fatick,Drinking water,2017,0.59886,Surface water
SEN,Senegal,Fatick,Drinking water,2017,33.88459,Unimproved
SEN,Senegal,Fatick,Sanitation,2017,13.07696,Unimproved
SEN,Senegal,Kaffrine,Drinking water,2017,87.3195,At least basic
SEN,Senegal,Kaffrine,Sanitation,2017,22.00825,At least basic
SEN,Senegal,Kaffrine,Hygiene,2017,8.12322,Basic service
SEN,Senegal,Kaffrine,Drinking water,2017,7.16668,Limited service
SEN,Senegal,Kaffrine,Hygiene,2017,24.10746,Limited service
SEN,Senegal,Kaffrine,Sanitation,2017,6.141,Limited service
SEN,Senegal,Kaffrine,Hygiene,2017,67.76933,No handwashing facility
SEN,Senegal,Kaffrine,Sanitation,2017,33.3974,Open defecation
SEN,Senegal,Kaffrine,Drinking water,2017,0,Surface water
SEN,Senegal,Kaffrine,Drinking water,2017,5.51381,Unimproved
SEN,Senegal,Kaffrine,Sanitation,2017,38.45335,Unimproved
SEN,Senegal,Kaolack,Drinking water,2017,88.33498,At least basic
SEN,Senegal,Kaolack,Sanitation,2017,48.0236,At least basic
SEN,Senegal,Kaolack,Hygiene,2017,19.72235,Basic service
SEN,Senegal,Kaolack,Drinking water,2017,0.65188,Limited service
SEN,Senegal,Kaolack,Hygiene,2017,10.82358,Limited service
SEN,Senegal,Kaolack,Sanitation,2017,18.62751,Limited service
SEN,Senegal,Kaolack,Hygiene,2017,69.45407,No handwashing facility
SEN,Senegal,Kaolack,Sanitation,2017,15.61756,Open defecation
SEN,Senegal,Kaolack,Drinking water,2017,0.12445,Surface water
SEN,Senegal,Kaolack,Drinking water,2017,10.88869,Unimproved
SEN,Senegal,Kaolack,Sanitation,2017,17.73133,Unimproved
SEN,Senegal,Kedougou,Drinking water,2017,77.02641,At least basic
SEN,Senegal,Kedougou,Sanitation,2017,21.30996,At least basic
SEN,Senegal,Kedougou,Hygiene,2017,2.47659,Basic service
SEN,Senegal,Kedougou,Drinking water,2017,3.89178,Limited service
SEN,Senegal,Kedougou,Hygiene,2017,1.68191,Limited service
SEN,Senegal,Kedougou,Sanitation,2017,5.59313,Limited service
SEN,Senegal,Kedougou,Hygiene,2017,95.84149,No handwashing facility
SEN,Senegal,Kedougou,Sanitation,2017,23.78285,Open defecation
SEN,Senegal,Kedougou,Drinking water,2017,1.04158,Surface water
SEN,Senegal,Kedougou,Drinking water,2017,18.04023,Unimproved
SEN,Senegal,Kedougou,Sanitation,2017,49.31406,Unimproved
SEN,Senegal,Kolda,Drinking water,2017,22.21648,At least basic
SEN,Senegal,Kolda,Sanitation,2017,15.91651,At least basic
SEN,Senegal,Kolda,Hygiene,2017,4.27854,Basic service
SEN,Senegal,Kolda,Drinking water,2017,0.85112,Limited service
SEN,Senegal,Kolda,Hygiene,2017,3.47735,Limited service
SEN,Senegal,Kolda,Sanitation,2017,4.70034,Limited service
SEN,Senegal,Kolda,Hygiene,2017,92.24412,No handwashing facility
SEN,Senegal,Kolda,Sanitation,2017,17.25002,Open defecation
SEN,Senegal,Kolda,Drinking water,2017,0,Surface water
SEN,Senegal,Kolda,Drinking water,2017,76.93239,Unimproved
SEN,Senegal,Kolda,Sanitation,2017,62.13312,Unimproved
SEN,Senegal,Louga,Drinking water,2017,88.40684,At least basic
SEN,Senegal,Louga,Sanitation,2017,60.24923,At least basic
SEN,Senegal,Louga,Hygiene,2017,7.00035,Basic service
SEN,Senegal,Louga,Drinking water,2017,10.5406,Limited service
SEN,Senegal,Louga,Hygiene,2017,20.09119,Limited service
SEN,Senegal,Louga,Sanitation,2017,9.96409,Limited service
SEN,Senegal,Louga,Hygiene,2017,72.90845,No handwashing facility
SEN,Senegal,Louga,Sanitation,2017,20.17844,Open defecation
SEN,Senegal,Louga,Drinking water,2017,0.13322,Surface water
SEN,Senegal,Louga,Drinking water,2017,0.91935,Unimproved
SEN,Senegal,Louga,Sanitation,2017,9.60824,Unimproved
SEN,Senegal,Matam,Drinking water,2017,82.58789,At least basic
SEN,Senegal,Matam,Sanitation,2017,33.1228,At least basic
SEN,Senegal,Matam,Hygiene,2017,4.08895,Basic service
SEN,Senegal,Matam,Drinking water,2017,1.58598,Limited service
SEN,Senegal,Matam,Hygiene,2017,4.04069,Limited service
SEN,Senegal,Matam,Sanitation,2017,8.20852,Limited service
SEN,Senegal,Matam,Hygiene,2017,91.87037,No handwashing facility
SEN,Senegal,Matam,Sanitation,2017,16.46461,Open defecation
SEN,Senegal,Matam,Drinking water,2017,1.35363,Surface water
SEN,Senegal,Matam,Drinking water,2017,14.4725,Unimproved
SEN,Senegal,Matam,Sanitation,2017,42.20407,Unimproved
SEN,Senegal,Saint-Louis,Drinking water,2017,81.45713,At least basic
SEN,Senegal,Saint-Louis,Sanitation,2017,53.35165,At least basic
SEN,Senegal,Saint-Louis,Hygiene,2017,8.68815,Basic service
SEN,Senegal,Saint-Louis,Drinking water,2017,5.66448,Limited service
SEN,Senegal,Saint-Louis,Hygiene,2017,22.51444,Limited service
SEN,Senegal,Saint-Louis,Sanitation,2017,16.05309,Limited service
SEN,Senegal,Saint-Louis,Hygiene,2017,68.79741,No handwashing facility
SEN,Senegal,Saint-Louis,Sanitation,2017,12.37209,Open defecation
SEN,Senegal,Saint-Louis,Drinking water,2017,6.35559,Surface water
SEN,Senegal,Saint-Louis,Drinking water,2017,6.5228,Unimproved
SEN,Senegal,Saint-Louis,Sanitation,2017,18.22317,Unimproved
SEN,Senegal,Sedhiou,Drinking water,2017,21.02003,At least basic
SEN,Senegal,Sedhiou,Sanitation,2017,56.94839,At least basic
SEN,Senegal,Sedhiou,Hygiene,2017,52.07195,Basic service
SEN,Senegal,Sedhiou,Drinking water,2017,1.38626,Limited service
SEN,Senegal,Sedhiou,Hygiene,2017,24.69116,Limited service
SEN,Senegal,Sedhiou,Sanitation,2017,19.68485,Limited service
SEN,Senegal,Sedhiou,Hygiene,2017,23.23689,No handwashing facility
SEN,Senegal,Sedhiou,Sanitation,2017,4.94596,Open defecation
SEN,Senegal,Sedhiou,Drinking water,2017,0,Surface water
SEN,Senegal,Sedhiou,Drinking water,2017,77.59372,Unimproved
SEN,Senegal,Sedhiou,Sanitation,2017,18.4208,Unimproved
SEN,Senegal,Tambacounda,Drinking water,2017,52.36244,At least basic
SEN,Senegal,Tambacounda,Sanitation,2017,18.93976,At least basic
SEN,Senegal,Tambacounda,Hygiene,2017,7.85415,Basic service
SEN,Senegal,Tambacounda,Drinking water,2017,2.33488,Limited service
SEN,Senegal,Tambacounda,Hygiene,2017,3.01108,Limited service
SEN,Senegal,Tambacounda,Sanitation,2017,5.03031,Limited service
SEN,Senegal,Tambacounda,Hygiene,2017,89.13477,No handwashing facility
SEN,Senegal,Tambacounda,Sanitation,2017,15.82408,Open defecation
SEN,Senegal,Tambacounda,Drinking water,2017,1.24815,Surface water
SEN,Senegal,Tambacounda,Drinking water,2017,44.05454,Unimproved
SEN,Senegal,Tambacounda,Sanitation,2017,60.20585,Unimproved
SEN,Senegal,ThiéS,Drinking water,2017,91.99903,At least basic
SEN,Senegal,ThiéS,Sanitation,2017,65.64788,At least basic
SEN,Senegal,ThiéS,Hygiene,2017,27.13989,Basic service
SEN,Senegal,ThiéS,Drinking water,2017,0.55131,Limited service
SEN,Senegal,ThiéS,Hygiene,2017,24.49471,Limited service
SEN,Senegal,ThiéS,Sanitation,2017,14.85831,Limited service
SEN,Senegal,ThiéS,Hygiene,2017,48.36539,No handwashing facility
SEN,Senegal,ThiéS,Sanitation,2017,13.19045,Open defecation
SEN,Senegal,ThiéS,Drinking water,2017,0,Surface water
SEN,Senegal,ThiéS,Drinking water,2017,7.44966,Unimproved
SEN,Senegal,ThiéS,Sanitation,2017,6.30336,Unimproved
SEN,Senegal,Ziguinchor,Drinking water,2017,33.83222,At least basic
SEN,Senegal,Ziguinchor,Sanitation,2017,61.9723,At least basic
SEN,Senegal,Ziguinchor,Hygiene,2017,62.70388,Basic service
SEN,Senegal,Ziguinchor,Drinking water,2017,1.01753,Limited service
SEN,Senegal,Ziguinchor,Hygiene,2017,18.7156,Limited service
SEN,Senegal,Ziguinchor,Sanitation,2017,21.25713,Limited service
SEN,Senegal,Ziguinchor,Hygiene,2017,18.58052,No handwashing facility
SEN,Senegal,Ziguinchor,Sanitation,2017,3.20358,Open defecation
SEN,Senegal,Ziguinchor,Drinking water,2017,0,Surface water
SEN,Senegal,Ziguinchor,Drinking water,2017,65.15025,Unimproved
SEN,Senegal,Ziguinchor,Sanitation,2017,13.56698,Unimproved
SEN,Senegal,Dakar,Drinking water,2015,93.57559,At least basic
SEN,Senegal,Dakar,Sanitation,2015,62.02846,At least basic
SEN,Senegal,Dakar,Hygiene,2015,27.57499,Basic service
SEN,Senegal,Dakar,Drinking water,2015,1.11633,Limited service
SEN,Senegal,Dakar,Hygiene,2015,18.80801,Limited service
SEN,Senegal,Dakar,Sanitation,2015,37.05173,Limited service
SEN,Senegal,Dakar,Hygiene,2015,53.61701,No handwashing facility
SEN,Senegal,Dakar,Sanitation,2015,0.33477,Open defecation
SEN,Senegal,Dakar,Drinking water,2015,0,Surface water
SEN,Senegal,Dakar,Drinking water,2015,5.30808,Unimproved
SEN,Senegal,Dakar,Sanitation,2015,0.58505,Unimproved
SEN,Senegal,Diourbel,Drinking water,2015,84.1397,At least basic
SEN,Senegal,Diourbel,Sanitation,2015,68.873,At least basic
SEN,Senegal,Diourbel,Hygiene,2015,24.45136,Basic service
SEN,Senegal,Diourbel,Drinking water,2015,1.64202,Limited service
SEN,Senegal,Diourbel,Hygiene,2015,1.41154,Limited service
SEN,Senegal,Diourbel,Sanitation,2015,4.1581,Limited service
SEN,Senegal,Diourbel,Hygiene,2015,74.1371,No handwashing facility
SEN,Senegal,Diourbel,Sanitation,2015,15.40121,Open defecation
SEN,Senegal,Diourbel,Drinking water,2015,0,Surface water
SEN,Senegal,Diourbel,Drinking water,2015,14.21828,Unimproved
SEN,Senegal,Diourbel,Sanitation,2015,11.56769,Unimproved
SEN,Senegal,Fatick,Drinking water,2015,39.97238,At least basic
SEN,Senegal,Fatick,Sanitation,2015,28.58247,At least basic
SEN,Senegal,Fatick,Hygiene,2015,5.12956,Basic service
SEN,Senegal,Fatick,Drinking water,2015,2.14139,Limited service
SEN,Senegal,Fatick,Hygiene,2015,1.06133,Limited service
SEN,Senegal,Fatick,Sanitation,2015,7.74662,Limited service
SEN,Senegal,Fatick,Hygiene,2015,93.80911,No handwashing facility
SEN,Senegal,Fatick,Sanitation,2015,29.71459,Open defecation
SEN,Senegal,Fatick,Drinking water,2015,0.3059,Surface water
SEN,Senegal,Fatick,Drinking water,2015,57.58033,Unimproved
SEN,Senegal,Fatick,Sanitation,2015,33.95632,Unimproved
SEN,Senegal,Kaffrine,Drinking water,2015,76.72918,At least basic
SEN,Senegal,Kaffrine,Sanitation,2015,24.94116,At least basic
SEN,Senegal,Kaffrine,Hygiene,2015,4.53524,Basic service
SEN,Senegal,Kaffrine,Drinking water,2015,5.04501,Limited service
SEN,Senegal,Kaffrine,Hygiene,2015,19.30355,Limited service
SEN,Senegal,Kaffrine,Sanitation,2015,8.20025,Limited service
SEN,Senegal,Kaffrine,Hygiene,2015,76.16121,No handwashing facility
SEN,Senegal,Kaffrine,Sanitation,2015,31.10197,Open defecation
SEN,Senegal,Kaffrine,Drinking water,2015,0,Surface water
SEN,Senegal,Kaffrine,Drinking water,2015,18.22581,Unimproved
SEN,Senegal,Kaffrine,Sanitation,2015,35.75662,Unimproved
SEN,Senegal,Kaolack,Drinking water,2015,79.33817,At least basic
SEN,Senegal,Kaolack,Sanitation,2015,37.11624,At least basic
SEN,Senegal,Kaolack,Hygiene,2015,7.98575,Basic service
SEN,Senegal,Kaolack,Drinking water,2015,4.01233,Limited service
SEN,Senegal,Kaolack,Hygiene,2015,16.48431,Limited service
SEN,Senegal,Kaolack,Sanitation,2015,8.49362,Limited service
SEN,Senegal,Kaolack,Hygiene,2015,75.52994,No handwashing facility
SEN,Senegal,Kaolack,Sanitation,2015,21.02445,Open defecation
SEN,Senegal,Kaolack,Drinking water,2015,0.22336,Surface water
SEN,Senegal,Kaolack,Drinking water,2015,16.42614,Unimproved
SEN,Senegal,Kaolack,Sanitation,2015,33.36568,Unimproved
SEN,Senegal,Kedougou,Drinking water,2015,71.55422,At least basic
SEN,Senegal,Kedougou,Sanitation,2015,11.45644,At least basic
SEN,Senegal,Kedougou,Hygiene,2015,7.68703,Basic service
SEN,Senegal,Kedougou,Drinking water,2015,9.58368,Limited service
SEN,Senegal,Kedougou,Hygiene,2015,14.50008,Limited service
SEN,Senegal,Kedougou,Sanitation,2015,5.3122,Limited service
SEN,Senegal,Kedougou,Hygiene,2015,77.8129,No handwashing facility
SEN,Senegal,Kedougou,Sanitation,2015,31.08214,Open defecation
SEN,Senegal,Kedougou,Drinking water,2015,2.56883,Surface water
SEN,Senegal,Kedougou,Drinking water,2015,16.29328,Unimproved
SEN,Senegal,Kedougou,Sanitation,2015,52.14922,Unimproved
SEN,Senegal,Kolda,Drinking water,2015,19.64764,At least basic
SEN,Senegal,Kolda,Sanitation,2015,13.99864,At least basic
SEN,Senegal,Kolda,Hygiene,2015,2.63315,Basic service
SEN,Senegal,Kolda,Drinking water,2015,0.79901,Limited service
SEN,Senegal,Kolda,Hygiene,2015,5.70402,Limited service
SEN,Senegal,Kolda,Sanitation,2015,1.84657,Limited service
SEN,Senegal,Kolda,Hygiene,2015,91.66284,No handwashing facility
SEN,Senegal,Kolda,Sanitation,2015,7.27952,Open defecation
SEN,Senegal,Kolda,Drinking water,2015,0,Surface water
SEN,Senegal,Kolda,Drinking water,2015,79.55336,Unimproved
SEN,Senegal,Kolda,Sanitation,2015,76.87527,Unimproved
SEN,Senegal,Louga,Drinking water,2015,70.26842,At least basic
SEN,Senegal,Louga,Sanitation,2015,57.72354,At least basic
SEN,Senegal,Louga,Hygiene,2015,31.95935,Basic service
SEN,Senegal,Louga,Drinking water,2015,11.55766,Limited service
SEN,Senegal,Louga,Hygiene,2015,2.27111,Limited service
SEN,Senegal,Louga,Sanitation,2015,5.55656,Limited service
SEN,Senegal,Louga,Hygiene,2015,65.76953,No handwashing facility
SEN,Senegal,Louga,Sanitation,2015,28.35654,Open defecation
SEN,Senegal,Louga,Drinking water,2015,0,Surface water
SEN,Senegal,Louga,Drinking water,2015,18.17392,Unimproved
SEN,Senegal,Louga,Sanitation,2015,8.36336,Unimproved
SEN,Senegal,Matam,Drinking water,2015,75.91979,At least basic
SEN,Senegal,Matam,Sanitation,2015,48.04941,At least basic
SEN,Senegal,Matam,Hygiene,2015,29.89457,Basic service
SEN,Senegal,Matam,Drinking water,2015,4.88376,Limited service
SEN,Senegal,Matam,Hygiene,2015,3.78034,Limited service
SEN,Senegal,Matam,Sanitation,2015,8.57136,Limited service
SEN,Senegal,Matam,Hygiene,2015,66.32509,No handwashing facility
SEN,Senegal,Matam,Sanitation,2015,28.66489,Open defecation
SEN,Senegal,Matam,Drinking water,2015,0.58024,Surface water
SEN,Senegal,Matam,Drinking water,2015,18.61622,Unimproved
SEN,Senegal,Matam,Sanitation,2015,14.71434,Unimproved
SEN,Senegal,Saint-Louis,Drinking water,2015,83.5822,At least basic
SEN,Senegal,Saint-Louis,Sanitation,2015,50.48635,At least basic
SEN,Senegal,Saint-Louis,Hygiene,2015,33.75381,Basic service
SEN,Senegal,Saint-Louis,Drinking water,2015,4.1628,Limited service
SEN,Senegal,Saint-Louis,Hygiene,2015,1.98179,Limited service
SEN,Senegal,Saint-Louis,Sanitation,2015,8.54142,Limited service
SEN,Senegal,Saint-Louis,Hygiene,2015,64.2644,No handwashing facility
SEN,Senegal,Saint-Louis,Sanitation,2015,16.51855,Open defecation
SEN,Senegal,Saint-Louis,Drinking water,2015,0,Surface water
SEN,Senegal,Saint-Louis,Drinking water,2015,12.255,Unimproved
SEN,Senegal,Saint-Louis,Sanitation,2015,24.45368,Unimproved
SEN,Senegal,Sedhiou,Drinking water,2015,20.06806,At least basic
SEN,Senegal,Sedhiou,Sanitation,2015,10.91883,At least basic
SEN,Senegal,Sedhiou,Hygiene,2015,9.85796,Basic service
SEN,Senegal,Sedhiou,Drinking water,2015,3.05847,Limited service
SEN,Senegal,Sedhiou,Hygiene,2015,4.81062,Limited service
SEN,Senegal,Sedhiou,Sanitation,2015,1.92697,Limited service
SEN,Senegal,Sedhiou,Hygiene,2015,85.33142,No handwashing facility
SEN,Senegal,Sedhiou,Sanitation,2015,6.20457,Open defecation
SEN,Senegal,Sedhiou,Drinking water,2015,0,Surface water
SEN,Senegal,Sedhiou,Drinking water,2015,76.87347,Unimproved
SEN,Senegal,Sedhiou,Sanitation,2015,80.94963,Unimproved
SEN,Senegal,Tambacounda,Drinking water,2015,48.88159,At least basic
SEN,Senegal,Tambacounda,Sanitation,2015,14.39037,At least basic
SEN,Senegal,Tambacounda,Hygiene,2015,1.88662,Basic service
SEN,Senegal,Tambacounda,Drinking water,2015,2.07621,Limited service
SEN,Senegal,Tambacounda,Hygiene,2015,10.04949,Limited service
SEN,Senegal,Tambacounda,Sanitation,2015,6.62832,Limited service
SEN,Senegal,Tambacounda,Hygiene,2015,88.06389,No handwashing facility
SEN,Senegal,Tambacounda,Sanitation,2015,14.21484,Open defecation
SEN,Senegal,Tambacounda,Drinking water,2015,0,Surface water
SEN,Senegal,Tambacounda,Drinking water,2015,49.0422,Unimproved
SEN,Senegal,Tambacounda,Sanitation,2015,64.76648,Unimproved
SEN,Senegal,ThièS,Drinking water,2015,87.75315,At least basic
SEN,Senegal,ThièS,Sanitation,2015,65.81017,At least basic
SEN,Senegal,ThièS,Hygiene,2015,6.94664,Basic service
SEN,Senegal,ThièS,Drinking water,2015,3.38346,Limited service
SEN,Senegal,ThièS,Hygiene,2015,3.68863,Limited service
SEN,Senegal,ThièS,Sanitation,2015,14.63885,Limited service
SEN,Senegal,ThièS,Hygiene,2015,89.36472,No handwashing facility
SEN,Senegal,ThièS,Sanitation,2015,9.89782,Open defecation
SEN,Senegal,ThièS,Drinking water,2015,0,Surface water
SEN,Senegal,ThièS,Drinking water,2015,8.86338,Unimproved
SEN,Senegal,ThièS,Sanitation,2015,9.65317,Unimproved
SEN,Senegal,Ziguinchor,Drinking water,2015,33.82268,At least basic
SEN,Senegal,Ziguinchor,Sanitation,2015,28.01574,At least basic
SEN,Senegal,Ziguinchor,Hygiene,2015,9.58754,Basic service
SEN,Senegal,Ziguinchor,Drinking water,2015,0.84167,Limited service
SEN,Senegal,Ziguinchor,Hygiene,2015,5.38791,Limited service
SEN,Senegal,Ziguinchor,Sanitation,2015,11.42393,Limited service
SEN,Senegal,Ziguinchor,Hygiene,2015,85.02455,No handwashing facility
SEN,Senegal,Ziguinchor,Sanitation,2015,7.07174,Open defecation
SEN,Senegal,Ziguinchor,Drinking water,2015,0,Surface water
SEN,Senegal,Ziguinchor,Drinking water,2015,65.33565,Unimproved
SEN,Senegal,Ziguinchor,Sanitation,2015,53.48859,Unimproved
SEN,Senegal,Dakar,Drinking water,2013,96.32856,At least basic
SEN,Senegal,Dakar,Sanitation,2013,57.26121,At least basic
SEN,Senegal,Dakar,Hygiene,2013,21.81795,Basic service
SEN,Senegal,Dakar,Drinking water,2013,1.86569,Limited service
SEN,Senegal,Dakar,Hygiene,2013,24.88162,Limited service
SEN,Senegal,Dakar,Sanitation,2013,41.33799,Limited service
SEN,Senegal,Dakar,Hygiene,2013,53.30042,No handwashing facility
SEN,Senegal,Dakar,Sanitation,2013,0.12016,Open defecation
SEN,Senegal,Dakar,Drinking water,2013,0,Surface water
SEN,Senegal,Dakar,Drinking water,2013,1.80575,Unimproved
SEN,Senegal,Dakar,Sanitation,2013,1.28063,Unimproved
SEN,Senegal,Diourbel,Drinking water,2013,87.99383,At least basic
SEN,Senegal,Diourbel,Sanitation,2013,62.74311,At least basic
SEN,Senegal,Diourbel,Hygiene,2013,5.12091,Basic service
SEN,Senegal,Diourbel,Drinking water,2013,7.75571,Limited service
SEN,Senegal,Diourbel,Hygiene,2013,12.93686,Limited service
SEN,Senegal,Diourbel,Sanitation,2013,5.12948,Limited service
SEN,Senegal,Diourbel,Hygiene,2013,81.94223,No handwashing facility
SEN,Senegal,Diourbel,Sanitation,2013,23.01604,Open defecation
SEN,Senegal,Diourbel,Drinking water,2013,0,Surface water
SEN,Senegal,Diourbel,Drinking water,2013,4.25046,Unimproved
SEN,Senegal,Diourbel,Sanitation,2013,9.11138,Unimproved
SEN,Senegal,Fatick,Drinking water,2013,70.30798,At least basic
SEN,Senegal,Fatick,Sanitation,2013,36.7005,At least basic
SEN,Senegal,Fatick,Hygiene,2013,6.46155,Basic service
SEN,Senegal,Fatick,Drinking water,2013,3.00587,Limited service
SEN,Senegal,Fatick,Hygiene,2013,14.78137,Limited service
SEN,Senegal,Fatick,Sanitation,2013,10.59735,Limited service
SEN,Senegal,Fatick,Hygiene,2013,78.75708,No handwashing facility
SEN,Senegal,Fatick,Sanitation,2013,25.19683,Open defecation
SEN,Senegal,Fatick,Drinking water,2013,0,Surface water
SEN,Senegal,Fatick,Drinking water,2013,26.68615,Unimproved
SEN,Senegal,Fatick,Sanitation,2013,27.50532,Unimproved
SEN,Senegal,Kaffrine,Drinking water,2013,79.426,At least basic
SEN,Senegal,Kaffrine,Sanitation,2013,16.73117,At least basic
SEN,Senegal,Kaffrine,Hygiene,2013,1.20339,Basic service
SEN,Senegal,Kaffrine,Drinking water,2013,3.56878,Limited service
SEN,Senegal,Kaffrine,Hygiene,2013,4.2879,Limited service
SEN,Senegal,Kaffrine,Sanitation,2013,4.74422,Limited service
SEN,Senegal,Kaffrine,Hygiene,2013,94.50871,No handwashing facility
SEN,Senegal,Kaffrine,Sanitation,2013,55.96644,Open defecation
SEN,Senegal,Kaffrine,Drinking water,2013,0,Surface water
SEN,Senegal,Kaffrine,Drinking water,2013,17.00522,Unimproved
SEN,Senegal,Kaffrine,Sanitation,2013,22.55817,Unimproved
SEN,Senegal,Kaolack,Drinking water,2013,76.9265,At least basic
SEN,Senegal,Kaolack,Sanitation,2013,44.62558,At least basic
SEN,Senegal,Kaolack,Hygiene,2013,5.87069,Basic service
SEN,Senegal,Kaolack,Drinking water,2013,1.33037,Limited service
SEN,Senegal,Kaolack,Hygiene,2013,13.99554,Limited service
SEN,Senegal,Kaolack,Sanitation,2013,15.66344,Limited service
SEN,Senegal,Kaolack,Hygiene,2013,80.13377,No handwashing facility
SEN,Senegal,Kaolack,Sanitation,2013,21.27901,Open defecation
SEN,Senegal,Kaolack,Drinking water,2013,0,Surface water
SEN,Senegal,Kaolack,Drinking water,2013,21.74313,Unimproved
SEN,Senegal,Kaolack,Sanitation,2013,18.43197,Unimproved
SEN,Senegal,Kedougou,Drinking water,2013,54.77243,At least basic
SEN,Senegal,Kedougou,Sanitation,2013,17.2882,At least basic
SEN,Senegal,Kedougou,Hygiene,2013,16.31346,Basic service
SEN,Senegal,Kedougou,Drinking water,2013,6.76963,Limited service
SEN,Senegal,Kedougou,Hygiene,2013,13.47065,Limited service
SEN,Senegal,Kedougou,Sanitation,2013,4.36626,Limited service
SEN,Senegal,Kedougou,Hygiene,2013,70.21589,No handwashing facility
SEN,Senegal,Kedougou,Sanitation,2013,30.29903,Open defecation
SEN,Senegal,Kedougou,Drinking water,2013,4.11119,Surface water
SEN,Senegal,Kedougou,Drinking water,2013,34.34675,Unimproved
SEN,Senegal,Kedougou,Sanitation,2013,48.04652,Unimproved
SEN,Senegal,Kolda,Drinking water,2013,22.89049,At least basic
SEN,Senegal,Kolda,Sanitation,2013,18.22273,At least basic
SEN,Senegal,Kolda,Hygiene,2013,16.66808,Basic service
SEN,Senegal,Kolda,Drinking water,2013,0.44334,Limited service
SEN,Senegal,Kolda,Hygiene,2013,20.47227,Limited service
SEN,Senegal,Kolda,Sanitation,2013,3.16952,Limited service
SEN,Senegal,Kolda,Hygiene,2013,62.85964,No handwashing facility
SEN,Senegal,Kolda,Sanitation,2013,13.67827,Open defecation
SEN,Senegal,Kolda,Drinking water,2013,0,Surface water
SEN,Senegal,Kolda,Drinking water,2013,76.66616,Unimproved
SEN,Senegal,Kolda,Sanitation,2013,64.92948,Unimproved
SEN,Senegal,Louga,Drinking water,2013,75.88385,At least basic
SEN,Senegal,Louga,Sanitation,2013,61.78138,At least basic
SEN,Senegal,Louga,Hygiene,2013,6.66234,Basic service
SEN,Senegal,Louga,Drinking water,2013,16.3201,Limited service
SEN,Senegal,Louga,Hygiene,2013,0.61528,Limited service
SEN,Senegal,Louga,Sanitation,2013,2.68315,Limited service
SEN,Senegal,Louga,Hygiene,2013,92.72237,No handwashing facility
SEN,Senegal,Louga,Sanitation,2013,28.17701,Open defecation
SEN,Senegal,Louga,Drinking water,2013,0.88442,Surface water
SEN,Senegal,Louga,Drinking water,2013,6.91163,Unimproved
SEN,Senegal,Louga,Sanitation,2013,7.35846,Unimproved
SEN,Senegal,Matam,Drinking water,2013,69.29423,At least basic
SEN,Senegal,Matam,Sanitation,2013,31.77679,At least basic
SEN,Senegal,Matam,Hygiene,2013,4.2806,Basic service
SEN,Senegal,Matam,Drinking water,2013,3.49383,Limited service
SEN,Senegal,Matam,Hygiene,2013,0.70753,Limited service
SEN,Senegal,Matam,Sanitation,2013,9.07623,Limited service
SEN,Senegal,Matam,Hygiene,2013,95.01187,No handwashing facility
SEN,Senegal,Matam,Sanitation,2013,38.88183,Open defecation
SEN,Senegal,Matam,Drinking water,2013,1.48013,Surface water
SEN,Senegal,Matam,Drinking water,2013,25.73181,Unimproved
SEN,Senegal,Matam,Sanitation,2013,20.26515,Unimproved
SEN,Senegal,Saint-Louis,Drinking water,2013,79.11175,At least basic
SEN,Senegal,Saint-Louis,Sanitation,2013,46.75957,At least basic
SEN,Senegal,Saint-Louis,Hygiene,2013,2.60507,Basic service
SEN,Senegal,Saint-Louis,Drinking water,2013,3.21057,Limited service
SEN,Senegal,Saint-Louis,Hygiene,2013,1.28783,Limited service
SEN,Senegal,Saint-Louis,Sanitation,2013,12.13247,Limited service
SEN,Senegal,Saint-Louis,Hygiene,2013,96.1071,No handwashing facility
SEN,Senegal,Saint-Louis,Sanitation,2013,30.85823,Open defecation
SEN,Senegal,Saint-Louis,Drinking water,2013,2.13506,Surface water
SEN,Senegal,Saint-Louis,Drinking water,2013,15.54262,Unimproved
SEN,Senegal,Saint-Louis,Sanitation,2013,10.24974,Unimproved
SEN,Senegal,Sedhiou,Drinking water,2013,10.55675,At least basic
SEN,Senegal,Sedhiou,Sanitation,2013,12.65173,At least basic
SEN,Senegal,Sedhiou,Hygiene,2013,15.90308,Basic service
SEN,Senegal,Sedhiou,Drinking water,2013,1.56351,Limited service
SEN,Senegal,Sedhiou,Hygiene,2013,20.74581,Limited service
SEN,Senegal,Sedhiou,Sanitation,2013,1.01252,Limited service
SEN,Senegal,Sedhiou,Hygiene,2013,63.35111,No handwashing facility
SEN,Senegal,Sedhiou,Sanitation,2013,16.36172,Open defecation
SEN,Senegal,Sedhiou,Drinking water,2013,0,Surface water
SEN,Senegal,Sedhiou,Drinking water,2013,87.87973,Unimproved
SEN,Senegal,Sedhiou,Sanitation,2013,69.97403,Unimproved
SEN,Senegal,Tambacounda,Drinking water,2013,42.23718,At least basic
SEN,Senegal,Tambacounda,Sanitation,2013,17.21493,At least basic
SEN,Senegal,Tambacounda,Hygiene,2013,9.37984,Basic service
SEN,Senegal,Tambacounda,Drinking water,2013,3.6728,Limited service
SEN,Senegal,Tambacounda,Hygiene,2013,14.14552,Limited service
SEN,Senegal,Tambacounda,Sanitation,2013,3.60751,Limited service
SEN,Senegal,Tambacounda,Hygiene,2013,76.47464,No handwashing facility
SEN,Senegal,Tambacounda,Sanitation,2013,38.31228,Open defecation
SEN,Senegal,Tambacounda,Drinking water,2013,0,Surface water
SEN,Senegal,Tambacounda,Drinking water,2013,54.09002,Unimproved
SEN,Senegal,Tambacounda,Sanitation,2013,40.86529,Unimproved
SEN,Senegal,ThièS,Drinking water,2013,77.6549,At least basic
SEN,Senegal,ThièS,Sanitation,2013,56.36867,At least basic
SEN,Senegal,ThièS,Hygiene,2013,6.2136,Basic service
SEN,Senegal,ThièS,Drinking water,2013,3.91537,Limited service
SEN,Senegal,ThièS,Hygiene,2013,15.87409,Limited service
SEN,Senegal,ThièS,Sanitation,2013,12.57455,Limited service
SEN,Senegal,ThièS,Hygiene,2013,77.91231,No handwashing facility
SEN,Senegal,ThièS,Sanitation,2013,24.86659,Open defecation
SEN,Senegal,ThièS,Drinking water,2013,0,Surface water
SEN,Senegal,ThièS,Drinking water,2013,18.42972,Unimproved
SEN,Senegal,ThièS,Sanitation,2013,6.19018,Unimproved
SEN,Senegal,Ziguinchor,Drinking water,2013,36.91749,At least basic
SEN,Senegal,Ziguinchor,Sanitation,2013,38.54655,At least basic
SEN,Senegal,Ziguinchor,Hygiene,2013,18.47159,Basic service
SEN,Senegal,Ziguinchor,Drinking water,2013,2.3147,Limited service
SEN,Senegal,Ziguinchor,Hygiene,2013,27.60163,Limited service
SEN,Senegal,Ziguinchor,Sanitation,2013,18.41826,Limited service
SEN,Senegal,Ziguinchor,Hygiene,2013,53.92677,No handwashing facility
SEN,Senegal,Ziguinchor,Sanitation,2013,1.60089,Open defecation
SEN,Senegal,Ziguinchor,Drinking water,2013,0,Surface water
SEN,Senegal,Ziguinchor,Drinking water,2013,60.76781,Unimproved
SEN,Senegal,Ziguinchor,Sanitation,2013,41.43431,Unimproved
SEN,Senegal,Dakar,Drinking water,2011,96.53949,At least basic
SEN,Senegal,Dakar,Sanitation,2011,70.27522,At least basic
SEN,Senegal,Dakar,Hygiene,2011,43.19678,Basic service
SEN,Senegal,Dakar,Drinking water,2011,0.48512,Limited service
SEN,Senegal,Dakar,Hygiene,2011,25.12797,Limited service
SEN,Senegal,Dakar,Sanitation,2011,27.4978,Limited service
SEN,Senegal,Dakar,Hygiene,2011,31.67525,No handwashing facility
SEN,Senegal,Dakar,Sanitation,2011,0.36435,Open defecation
SEN,Senegal,Dakar,Drinking water,2011,0,Surface water
SEN,Senegal,Dakar,Drinking water,2011,2.97539,Unimproved
SEN,Senegal,Dakar,Sanitation,2011,1.86262,Unimproved
SEN,Senegal,Diourbel,Drinking water,2011,88.08892,At least basic
SEN,Senegal,Diourbel,Sanitation,2011,61.07976,At least basic
SEN,Senegal,Diourbel,Hygiene,2011,9.12934,Basic service
SEN,Senegal,Diourbel,Drinking water,2011,2.81812,Limited service
SEN,Senegal,Diourbel,Hygiene,2011,46.50822,Limited service
SEN,Senegal,Diourbel,Sanitation,2011,6.6511,Limited service
SEN,Senegal,Diourbel,Hygiene,2011,44.36244,No handwashing facility
SEN,Senegal,Diourbel,Sanitation,2011,16.48543,Open defecation
SEN,Senegal,Diourbel,Drinking water,2011,0.04245,Surface water
SEN,Senegal,Diourbel,Drinking water,2011,9.05051,Unimproved
SEN,Senegal,Diourbel,Sanitation,2011,15.7837,Unimproved
SEN,Senegal,Fatick,Drinking water,2011,60.11445,At least basic
SEN,Senegal,Fatick,Sanitation,2011,28.21511,At least basic
SEN,Senegal,Fatick,Hygiene,2011,6.32416,Basic service
SEN,Senegal,Fatick,Drinking water,2011,6.31036,Limited service
SEN,Senegal,Fatick,Hygiene,2011,27.93149,Limited service
SEN,Senegal,Fatick,Sanitation,2011,12.84485,Limited service
SEN,Senegal,Fatick,Hygiene,2011,65.74435,No handwashing facility
SEN,Senegal,Fatick,Sanitation,2011,40.99646,Open defecation
SEN,Senegal,Fatick,Drinking water,2011,0.02537,Surface water
SEN,Senegal,Fatick,Drinking water,2011,33.54983,Unimproved
SEN,Senegal,Fatick,Sanitation,2011,17.94358,Unimproved
SEN,Senegal,Kaffrine,Drinking water,2011,78.50441,At least basic
SEN,Senegal,Kaffrine,Sanitation,2011,20.42995,At least basic
SEN,Senegal,Kaffrine,Hygiene,2011,35.47767,Basic service
SEN,Senegal,Kaffrine,Drinking water,2011,6.64137,Limited service
SEN,Senegal,Kaffrine,Hygiene,2011,44.77213,Limited service
SEN,Senegal,Kaffrine,Sanitation,2011,5.76982,Limited service
SEN,Senegal,Kaffrine,Hygiene,2011,19.7502,No handwashing facility
SEN,Senegal,Kaffrine,Sanitation,2011,43.16204,Open defecation
SEN,Senegal,Kaffrine,Drinking water,2011,0,Surface water
SEN,Senegal,Kaffrine,Drinking water,2011,14.85422,Unimproved
SEN,Senegal,Kaffrine,Sanitation,2011,30.63818,Unimproved
SEN,Senegal,Kaolack,Drinking water,2011,75.39359,At least basic
SEN,Senegal,Kaolack,Sanitation,2011,33.77649,At least basic
SEN,Senegal,Kaolack,Hygiene,2011,11.07374,Basic service
SEN,Senegal,Kaolack,Drinking water,2011,3.88463,Limited service
SEN,Senegal,Kaolack,Hygiene,2011,16.23908,Limited service
SEN,Senegal,Kaolack,Sanitation,2011,7.09623,Limited service
SEN,Senegal,Kaolack,Hygiene,2011,72.68718,No handwashing facility
SEN,Senegal,Kaolack,Sanitation,2011,33.94057,Open defecation
SEN,Senegal,Kaolack,Drinking water,2011,0,Surface water
SEN,Senegal,Kaolack,Drinking water,2011,20.72178,Unimproved
SEN,Senegal,Kaolack,Sanitation,2011,25.18671,Unimproved
SEN,Senegal,Kedougou,Drinking water,2011,65.91517,At least basic
SEN,Senegal,Kedougou,Sanitation,2011,5.16591,At least basic
SEN,Senegal,Kedougou,Hygiene,2011,3.04696,Basic service
SEN,Senegal,Kedougou,Drinking water,2011,6.12327,Limited service
SEN,Senegal,Kedougou,Hygiene,2011,3.69516,Limited service
SEN,Senegal,Kedougou,Sanitation,2011,4.81372,Limited service
SEN,Senegal,Kedougou,Hygiene,2011,93.25788,No handwashing facility
SEN,Senegal,Kedougou,Sanitation,2011,46.75278,Open defecation
SEN,Senegal,Kedougou,Drinking water,2011,1.0337,Surface water
SEN,Senegal,Kedougou,Drinking water,2011,26.92786,Unimproved
SEN,Senegal,Kedougou,Sanitation,2011,43.26758,Unimproved
SEN,Senegal,Kolda,Drinking water,2011,27.9593,At least basic
SEN,Senegal,Kolda,Sanitation,2011,17.39132,At least basic
SEN,Senegal,Kolda,Hygiene,2011,6.3506,Basic service
SEN,Senegal,Kolda,Drinking water,2011,0.42578,Limited service
SEN,Senegal,Kolda,Hygiene,2011,14.37324,Limited service
SEN,Senegal,Kolda,Sanitation,2011,2.52305,Limited service
SEN,Senegal,Kolda,Hygiene,2011,79.27616,No handwashing facility
SEN,Senegal,Kolda,Sanitation,2011,12.27883,Open defecation
SEN,Senegal,Kolda,Drinking water,2011,0,Surface water
SEN,Senegal,Kolda,Drinking water,2011,71.61493,Unimproved
SEN,Senegal,Kolda,Sanitation,2011,67.8068,Unimproved
SEN,Senegal,Louga,Drinking water,2011,85.1009,At least basic
SEN,Senegal,Louga,Sanitation,2011,51.89413,At least basic
SEN,Senegal,Louga,Hygiene,2011,13.13285,Basic service
SEN,Senegal,Louga,Drinking water,2011,9.03726,Limited service
SEN,Senegal,Louga,Hygiene,2011,25.34839,Limited service
SEN,Senegal,Louga,Sanitation,2011,8.11253,Limited service
SEN,Senegal,Louga,Hygiene,2011,61.51876,No handwashing facility
SEN,Senegal,Louga,Sanitation,2011,26.97641,Open defecation
SEN,Senegal,Louga,Drinking water,2011,0.51601,Surface water
SEN,Senegal,Louga,Drinking water,2011,5.34583,Unimproved
SEN,Senegal,Louga,Sanitation,2011,13.01693,Unimproved
SEN,Senegal,Matam,Drinking water,2011,79.96994,At least basic
SEN,Senegal,Matam,Sanitation,2011,30.05722,At least basic
SEN,Senegal,Matam,Hygiene,2011,23.15227,Basic service
SEN,Senegal,Matam,Drinking water,2011,3.41894,Limited service
SEN,Senegal,Matam,Hygiene,2011,15.73759,Limited service
SEN,Senegal,Matam,Sanitation,2011,8.89977,Limited service
SEN,Senegal,Matam,Hygiene,2011,61.11014,No handwashing facility
SEN,Senegal,Matam,Sanitation,2011,32.45746,Open defecation
SEN,Senegal,Matam,Drinking water,2011,0.49111,Surface water
SEN,Senegal,Matam,Drinking water,2011,16.12001,Unimproved
SEN,Senegal,Matam,Sanitation,2011,28.58555,Unimproved
SEN,Senegal,Saint-Louis,Drinking water,2011,73.57631,At least basic
SEN,Senegal,Saint-Louis,Sanitation,2011,42.33711,At least basic
SEN,Senegal,Saint-Louis,Hygiene,2011,11.82698,Basic service
SEN,Senegal,Saint-Louis,Drinking water,2011,3.38636,Limited service
SEN,Senegal,Saint-Louis,Hygiene,2011,23.85084,Limited service
SEN,Senegal,Saint-Louis,Sanitation,2011,16.88079,Limited service
SEN,Senegal,Saint-Louis,Hygiene,2011,64.32218,No handwashing facility
SEN,Senegal,Saint-Louis,Sanitation,2011,17.39545,Open defecation
SEN,Senegal,Saint-Louis,Drinking water,2011,6.21861,Surface water
SEN,Senegal,Saint-Louis,Drinking water,2011,16.81872,Unimproved
SEN,Senegal,Saint-Louis,Sanitation,2011,23.38665,Unimproved
SEN,Senegal,Sedhiou,Drinking water,2011,19.79637,At least basic
SEN,Senegal,Sedhiou,Sanitation,2011,9.70429,At least basic
SEN,Senegal,Sedhiou,Hygiene,2011,2.61657,Basic service
SEN,Senegal,Sedhiou,Drinking water,2011,2.07807,Limited service
SEN,Senegal,Sedhiou,Hygiene,2011,5.64633,Limited service
SEN,Senegal,Sedhiou,Sanitation,2011,4.1438,Limited service
SEN,Senegal,Sedhiou,Hygiene,2011,91.73709,No handwashing facility
SEN,Senegal,Sedhiou,Sanitation,2011,6.72325,Open defecation
SEN,Senegal,Sedhiou,Drinking water,2011,0,Surface water
SEN,Senegal,Sedhiou,Drinking water,2011,78.12555,Unimproved
SEN,Senegal,Sedhiou,Sanitation,2011,79.42865,Unimproved
SEN,Senegal,Tambacounda,Drinking water,2011,41.39973,At least basic
SEN,Senegal,Tambacounda,Sanitation,2011,10.32446,At least basic
SEN,Senegal,Tambacounda,Hygiene,2011,6.95122,Basic service
SEN,Senegal,Tambacounda,Drinking water,2011,7.02101,Limited service
SEN,Senegal,Tambacounda,Hygiene,2011,19.89115,Limited service
SEN,Senegal,Tambacounda,Sanitation,2011,2.92293,Limited service
SEN,Senegal,Tambacounda,Hygiene,2011,73.15763,No handwashing facility
SEN,Senegal,Tambacounda,Sanitation,2011,24.46868,Open defecation
SEN,Senegal,Tambacounda,Drinking water,2011,0.52854,Surface water
SEN,Senegal,Tambacounda,Drinking water,2011,51.05073,Unimproved
SEN,Senegal,Tambacounda,Sanitation,2011,62.28393,Unimproved
SEN,Senegal,ThièS,Drinking water,2011,84.63252,At least basic
SEN,Senegal,ThièS,Sanitation,2011,62.0276,At least basic
SEN,Senegal,ThièS,Hygiene,2011,14.03805,Basic service
SEN,Senegal,ThièS,Drinking water,2011,2.34849,Limited service
SEN,Senegal,ThièS,Hygiene,2011,25.84735,Limited service
SEN,Senegal,ThièS,Sanitation,2011,17.75591,Limited service
SEN,Senegal,ThièS,Hygiene,2011,60.1146,No handwashing facility
SEN,Senegal,ThièS,Sanitation,2011,6.10508,Open defecation
SEN,Senegal,ThièS,Drinking water,2011,0,Surface water
SEN,Senegal,ThièS,Drinking water,2011,13.01899,Unimproved
SEN,Senegal,ThièS,Sanitation,2011,14.11142,Unimproved
SEN,Senegal,Ziguinchor,Drinking water,2011,46.73467,At least basic
SEN,Senegal,Ziguinchor,Sanitation,2011,18.24391,At least basic
SEN,Senegal,Ziguinchor,Hygiene,2011,4.63113,Basic service
SEN,Senegal,Ziguinchor,Drinking water,2011,2.72001,Limited service
SEN,Senegal,Ziguinchor,Hygiene,2011,9.5678,Limited service
SEN,Senegal,Ziguinchor,Sanitation,2011,9.24676,Limited service
SEN,Senegal,Ziguinchor,Hygiene,2011,85.80107,No handwashing facility
SEN,Senegal,Ziguinchor,Sanitation,2011,10.74904,Open defecation
SEN,Senegal,Ziguinchor,Drinking water,2011,0,Surface water
SEN,Senegal,Ziguinchor,Drinking water,2011,50.54532,Unimproved
SEN,Senegal,Ziguinchor,Sanitation,2011,61.76029,Unimproved
SEN,Senegal,Dakar,Drinking water,2009,98.24038,At least basic
SEN,Senegal,Dakar,Sanitation,2009,0,At least basic
SEN,Senegal,Dakar,Drinking water,2009,0.49367,Limited service
SEN,Senegal,Dakar,Sanitation,2009,0,Limited service
SEN,Senegal,Dakar,Sanitation,2009,0,Open defecation
SEN,Senegal,Dakar,Drinking water,2009,0,Surface water
SEN,Senegal,Dakar,Drinking water,2009,1.26595,Unimproved
SEN,Senegal,Dakar,Sanitation,2009,0,Unimproved
SEN,Senegal,Diourbel,Drinking water,2009,90.28061,At least basic
SEN,Senegal,Diourbel,Sanitation,2009,0,At least basic
SEN,Senegal,Diourbel,Drinking water,2009,2.88823,Limited service
SEN,Senegal,Diourbel,Sanitation,2009,0,Limited service
SEN,Senegal,Diourbel,Sanitation,2009,0,Open defecation
SEN,Senegal,Diourbel,Drinking water,2009,0,Surface water
SEN,Senegal,Diourbel,Drinking water,2009,6.83115,Unimproved
SEN,Senegal,Diourbel,Sanitation,2009,0,Unimproved
SEN,Senegal,Fatick,Drinking water,2009,51.868,At least basic
SEN,Senegal,Fatick,Sanitation,2009,0,At least basic
SEN,Senegal,Fatick,Drinking water,2009,5.44471,Limited service
SEN,Senegal,Fatick,Sanitation,2009,0,Limited service
SEN,Senegal,Fatick,Sanitation,2009,0,Open defecation
SEN,Senegal,Fatick,Drinking water,2009,0,Surface water
SEN,Senegal,Fatick,Drinking water,2009,42.68729,Unimproved
SEN,Senegal,Fatick,Sanitation,2009,0,Unimproved
SEN,Senegal,Kaolack,Drinking water,2009,66.56839,At least basic
SEN,Senegal,Kaolack,Sanitation,2009,0,At least basic
SEN,Senegal,Kaolack,Drinking water,2009,5.6316,Limited service
SEN,Senegal,Kaolack,Sanitation,2009,0,Limited service
SEN,Senegal,Kaolack,Sanitation,2009,0,Open defecation
SEN,Senegal,Kaolack,Drinking water,2009,0,Surface water
SEN,Senegal,Kaolack,Drinking water,2009,27.80001,Unimproved
SEN,Senegal,Kaolack,Sanitation,2009,0,Unimproved
SEN,Senegal,Kolda,Drinking water,2009,30.5916,At least basic
SEN,Senegal,Kolda,Sanitation,2009,0,At least basic
SEN,Senegal,Kolda,Drinking water,2009,1.57622,Limited service
SEN,Senegal,Kolda,Sanitation,2009,0,Limited service
SEN,Senegal,Kolda,Sanitation,2009,0,Open defecation
SEN,Senegal,Kolda,Drinking water,2009,0,Surface water
SEN,Senegal,Kolda,Drinking water,2009,67.83218,Unimproved
SEN,Senegal,Kolda,Sanitation,2009,0,Unimproved
SEN,Senegal,Louga,Drinking water,2009,77.85436,At least basic
SEN,Senegal,Louga,Sanitation,2009,0,At least basic
SEN,Senegal,Louga,Drinking water,2009,7.23237,Limited service
SEN,Senegal,Louga,Sanitation,2009,0,Limited service
SEN,Senegal,Louga,Sanitation,2009,0,Open defecation
SEN,Senegal,Louga,Drinking water,2009,0.45992,Surface water
SEN,Senegal,Louga,Drinking water,2009,14.45334,Unimproved
SEN,Senegal,Louga,Sanitation,2009,0,Unimproved
SEN,Senegal,Matam,Drinking water,2009,65.09607,At least basic
SEN,Senegal,Matam,Sanitation,2009,0,At least basic
SEN,Senegal,Matam,Drinking water,2009,0.99131,Limited service
SEN,Senegal,Matam,Sanitation,2009,0,Limited service
SEN,Senegal,Matam,Sanitation,2009,0,Open defecation
SEN,Senegal,Matam,Drinking water,2009,5.2806,Surface water
SEN,Senegal,Matam,Drinking water,2009,28.63202,Unimproved
SEN,Senegal,Matam,Sanitation,2009,0,Unimproved
SEN,Senegal,Saint-Louis,Drinking water,2009,72.36534,At least basic
SEN,Senegal,Saint-Louis,Sanitation,2009,0,At least basic
SEN,Senegal,Saint-Louis,Drinking water,2009,7.68481,Limited service
SEN,Senegal,Saint-Louis,Sanitation,2009,0,Limited service
SEN,Senegal,Saint-Louis,Sanitation,2009,0,Open defecation
SEN,Senegal,Saint-Louis,Drinking water,2009,13.01073,Surface water
SEN,Senegal,Saint-Louis,Drinking water,2009,6.93912,Unimproved
SEN,Senegal,Saint-Louis,Sanitation,2009,0,Unimproved
SEN,Senegal,Tambacounda,Drinking water,2009,38.25461,At least basic
SEN,Senegal,Tambacounda,Sanitation,2009,0,At least basic
SEN,Senegal,Tambacounda,Drinking water,2009,1.63549,Limited service
SEN,Senegal,Tambacounda,Sanitation,2009,0,Limited service
SEN,Senegal,Tambacounda,Sanitation,2009,0,Open defecation
SEN,Senegal,Tambacounda,Drinking water,2009,3.49907,Surface water
SEN,Senegal,Tambacounda,Drinking water,2009,56.61083,Unimproved
SEN,Senegal,Tambacounda,Sanitation,2009,0,Unimproved
SEN,Senegal,ThièS,Drinking water,2009,60.95083,At least basic
SEN,Senegal,ThièS,Sanitation,2009,0,At least basic
SEN,Senegal,ThièS,Drinking water,2009,2.80527,Limited service
SEN,Senegal,ThièS,Sanitation,2009,0,Limited service
SEN,Senegal,ThièS,Sanitation,2009,0,Open defecation
SEN,Senegal,ThièS,Drinking water,2009,0,Surface water
SEN,Senegal,ThièS,Drinking water,2009,36.2439,Unimproved
SEN,Senegal,ThièS,Sanitation,2009,0,Unimproved
SEN,Senegal,Ziguinchor,Drinking water,2009,33.17873,At least basic
SEN,Senegal,Ziguinchor,Sanitation,2009,0,At least basic
SEN,Senegal,Ziguinchor,Drinking water,2009,3.48285,Limited service
SEN,Senegal,Ziguinchor,Sanitation,2009,0,Limited service
SEN,Senegal,Ziguinchor,Sanitation,2009,0,Open defecation
SEN,Senegal,Ziguinchor,Drinking water,2009,0,Surface water
SEN,Senegal,Ziguinchor,Drinking water,2009,63.33843,Unimproved
SEN,Senegal,Ziguinchor,Sanitation,2009,0,Unimproved
SEN,Senegal,Dakar,Drinking water,2006,98.81198,At least basic
SEN,Senegal,Dakar,Sanitation,2006,68.41112,At least basic
SEN,Senegal,Dakar,Drinking water,2006,0.49654,Limited service
SEN,Senegal,Dakar,Sanitation,2006,29.82983,Limited service
SEN,Senegal,Dakar,Sanitation,2006,0.61081,Open defecation
SEN,Senegal,Dakar,Drinking water,2006,0,Surface water
SEN,Senegal,Dakar,Drinking water,2006,0.69148,Unimproved
SEN,Senegal,Dakar,Sanitation,2006,1.14825,Unimproved
SEN,Senegal,Diourbel,Drinking water,2006,77.38978,At least basic
SEN,Senegal,Diourbel,Sanitation,2006,63.10027,At least basic
SEN,Senegal,Diourbel,Drinking water,2006,2.47583,Limited service
SEN,Senegal,Diourbel,Sanitation,2006,7.22225,Limited service
SEN,Senegal,Diourbel,Sanitation,2006,19.30393,Open defecation
SEN,Senegal,Diourbel,Drinking water,2006,0,Surface water
SEN,Senegal,Diourbel,Drinking water,2006,20.13439,Unimproved
SEN,Senegal,Diourbel,Sanitation,2006,10.37355,Unimproved
SEN,Senegal,Fatick,Drinking water,2006,44.19468,At least basic
SEN,Senegal,Fatick,Sanitation,2006,34.33932,At least basic
SEN,Senegal,Fatick,Drinking water,2006,4.63922,Limited service
SEN,Senegal,Fatick,Sanitation,2006,9.38292,Limited service
SEN,Senegal,Fatick,Sanitation,2006,48.90512,Open defecation
SEN,Senegal,Fatick,Drinking water,2006,0,Surface water
SEN,Senegal,Fatick,Drinking water,2006,51.1661,Unimproved
SEN,Senegal,Fatick,Sanitation,2006,7.37264,Unimproved
SEN,Senegal,Kaolack,Drinking water,2006,72.23719,At least basic
SEN,Senegal,Kaolack,Sanitation,2006,35.64873,At least basic
SEN,Senegal,Kaolack,Drinking water,2006,6.11117,Limited service
SEN,Senegal,Kaolack,Sanitation,2006,19.17728,Limited service
SEN,Senegal,Kaolack,Sanitation,2006,28.247,Open defecation
SEN,Senegal,Kaolack,Drinking water,2006,0,Surface water
SEN,Senegal,Kaolack,Drinking water,2006,21.65164,Unimproved
SEN,Senegal,Kaolack,Sanitation,2006,16.92699,Unimproved
SEN,Senegal,Kolda,Drinking water,2006,18.24324,At least basic
SEN,Senegal,Kolda,Sanitation,2006,36.50873,At least basic
SEN,Senegal,Kolda,Drinking water,2006,0.93998,Limited service
SEN,Senegal,Kolda,Sanitation,2006,12.25531,Limited service
SEN,Senegal,Kolda,Sanitation,2006,7.59927,Open defecation
SEN,Senegal,Kolda,Drinking water,2006,0,Surface water
SEN,Senegal,Kolda,Drinking water,2006,80.81678,Unimproved
SEN,Senegal,Kolda,Sanitation,2006,43.63669,Unimproved
SEN,Senegal,Louga,Drinking water,2006,77.93422,At least basic
SEN,Senegal,Louga,Sanitation,2006,60.76734,At least basic
SEN,Senegal,Louga,Drinking water,2006,7.23979,Limited service
SEN,Senegal,Louga,Sanitation,2006,9.01356,Limited service
SEN,Senegal,Louga,Sanitation,2006,26.36585,Open defecation
SEN,Senegal,Louga,Drinking water,2006,0,Surface water
SEN,Senegal,Louga,Drinking water,2006,14.82599,Unimproved
SEN,Senegal,Louga,Sanitation,2006,3.85324,Unimproved
SEN,Senegal,Matam,Drinking water,2006,57.13536,At least basic
SEN,Senegal,Matam,Sanitation,2006,34.4292,At least basic
SEN,Senegal,Matam,Drinking water,2006,0.87008,Limited service
SEN,Senegal,Matam,Sanitation,2006,11.92562,Limited service
SEN,Senegal,Matam,Sanitation,2006,36.88869,Open defecation
SEN,Senegal,Matam,Drinking water,2006,1.18224,Surface water
SEN,Senegal,Matam,Drinking water,2006,40.81232,Unimproved
SEN,Senegal,Matam,Sanitation,2006,16.7565,Unimproved
SEN,Senegal,Saint-Louis,Drinking water,2006,76.51638,At least basic
SEN,Senegal,Saint-Louis,Sanitation,2006,51.07979,At least basic
SEN,Senegal,Saint-Louis,Drinking water,2006,8.12563,Limited service
SEN,Senegal,Saint-Louis,Sanitation,2006,13.25769,Limited service
SEN,Senegal,Saint-Louis,Sanitation,2006,24.01843,Open defecation
SEN,Senegal,Saint-Louis,Drinking water,2006,1.38851,Surface water
SEN,Senegal,Saint-Louis,Drinking water,2006,13.96948,Unimproved
SEN,Senegal,Saint-Louis,Sanitation,2006,11.64408,Unimproved
SEN,Senegal,Tambacounda,Drinking water,2006,34.2601,At least basic
SEN,Senegal,Tambacounda,Sanitation,2006,42.33936,At least basic
SEN,Senegal,Tambacounda,Drinking water,2006,1.46472,Limited service
SEN,Senegal,Tambacounda,Sanitation,2006,4.61076,Limited service
SEN,Senegal,Tambacounda,Sanitation,2006,26.30559,Open defecation
SEN,Senegal,Tambacounda,Drinking water,2006,0.87651,Surface water
SEN,Senegal,Tambacounda,Drinking water,2006,63.39868,Unimproved
SEN,Senegal,Tambacounda,Sanitation,2006,26.74428,Unimproved
SEN,Senegal,ThièS,Drinking water,2006,84.54051,At least basic
SEN,Senegal,ThièS,Sanitation,2006,62.83258,At least basic
SEN,Senegal,ThièS,Drinking water,2006,3.89099,Limited service
SEN,Senegal,ThièS,Sanitation,2006,12.68297,Limited service
SEN,Senegal,ThièS,Sanitation,2006,16.9839,Open defecation
SEN,Senegal,ThièS,Drinking water,2006,0,Surface water
SEN,Senegal,ThièS,Drinking water,2006,11.5685,Unimproved
SEN,Senegal,ThièS,Sanitation,2006,7.50054,Unimproved
SEN,Senegal,Zuguinchor,Drinking water,2006,16.87812,At least basic
SEN,Senegal,Zuguinchor,Sanitation,2006,35.39679,At least basic
SEN,Senegal,Zuguinchor,Drinking water,2006,1.77174,Limited service
SEN,Senegal,Zuguinchor,Sanitation,2006,16.85361,Limited service
SEN,Senegal,Zuguinchor,Sanitation,2006,19.82434,Open defecation
SEN,Senegal,Zuguinchor,Drinking water,2006,0,Surface water
SEN,Senegal,Zuguinchor,Drinking water,2006,81.35014,Unimproved
SEN,Senegal,Zuguinchor,Sanitation,2006,27.92527,Unimproved
SEN,Senegal,Dakar,Drinking water,2005,96.30987,At least basic
SEN,Senegal,Dakar,Sanitation,2005,54.76937,At least basic
SEN,Senegal,Dakar,Hygiene,2005,58.0532,Basic service
SEN,Senegal,Dakar,Drinking water,2005,3.18008,Limited service
SEN,Senegal,Dakar,Hygiene,2005,31.26493,Limited service
SEN,Senegal,Dakar,Sanitation,2005,26.3921,Limited service
SEN,Senegal,Dakar,Hygiene,2005,10.68188,No handwashing facility
SEN,Senegal,Dakar,Sanitation,2005,1.83143,Open defecation
SEN,Senegal,Dakar,Drinking water,2005,0,Surface water
SEN,Senegal,Dakar,Drinking water,2005,0.51005,Unimproved
SEN,Senegal,Dakar,Sanitation,2005,17.0071,Unimproved
SEN,Senegal,Diourbel,Drinking water,2005,73.86128,At least basic
SEN,Senegal,Diourbel,Sanitation,2005,40.91782,At least basic
SEN,Senegal,Diourbel,Hygiene,2005,61.39075,Basic service
SEN,Senegal,Diourbel,Drinking water,2005,6.02989,Limited service
SEN,Senegal,Diourbel,Hygiene,2005,24.29964,Limited service
SEN,Senegal,Diourbel,Sanitation,2005,4.80351,Limited service
SEN,Senegal,Diourbel,Hygiene,2005,14.30961,No handwashing facility
SEN,Senegal,Diourbel,Sanitation,2005,31.60471,Open defecation
SEN,Senegal,Diourbel,Drinking water,2005,0,Surface water
SEN,Senegal,Diourbel,Drinking water,2005,20.10884,Unimproved
SEN,Senegal,Diourbel,Sanitation,2005,22.67396,Unimproved
SEN,Senegal,Fatick,Drinking water,2005,35.20707,At least basic
SEN,Senegal,Fatick,Sanitation,2005,18.325,At least basic
SEN,Senegal,Fatick,Hygiene,2005,34.95651,Basic service
SEN,Senegal,Fatick,Drinking water,2005,8.0559,Limited service
SEN,Senegal,Fatick,Hygiene,2005,58.02797,Limited service
SEN,Senegal,Fatick,Sanitation,2005,9.76594,Limited service
SEN,Senegal,Fatick,Hygiene,2005,7.01552,No handwashing facility
SEN,Senegal,Fatick,Sanitation,2005,53.14196,Open defecation
SEN,Senegal,Fatick,Drinking water,2005,0.11123,Surface water
SEN,Senegal,Fatick,Drinking water,2005,56.6258,Unimproved
SEN,Senegal,Fatick,Sanitation,2005,18.7671,Unimproved
SEN,Senegal,Kaolack,Drinking water,2005,56.83648,At least basic
SEN,Senegal,Kaolack,Sanitation,2005,20.66346,At least basic
SEN,Senegal,Kaolack,Hygiene,2005,28.17164,Basic service
SEN,Senegal,Kaolack,Drinking water,2005,10.51241,Limited service
SEN,Senegal,Kaolack,Hygiene,2005,54.26119,Limited service
SEN,Senegal,Kaolack,Sanitation,2005,6.90038,Limited service
SEN,Senegal,Kaolack,Hygiene,2005,17.56717,No handwashing facility
SEN,Senegal,Kaolack,Sanitation,2005,34.72241,Open defecation
SEN,Senegal,Kaolack,Drinking water,2005,0,Surface water
SEN,Senegal,Kaolack,Drinking water,2005,32.65111,Unimproved
SEN,Senegal,Kaolack,Sanitation,2005,37.71375,Unimproved
SEN,Senegal,Kolda,Drinking water,2005,15.95592,At least basic
SEN,Senegal,Kolda,Sanitation,2005,6.55865,At least basic
SEN,Senegal,Kolda,Hygiene,2005,7.57962,Basic service
SEN,Senegal,Kolda,Drinking water,2005,0.88791,Limited service
SEN,Senegal,Kolda,Hygiene,2005,64.50646,Limited service
SEN,Senegal,Kolda,Sanitation,2005,1.8799,Limited service
SEN,Senegal,Kolda,Hygiene,2005,27.91392,No handwashing facility
SEN,Senegal,Kolda,Sanitation,2005,11.85343,Open defecation
SEN,Senegal,Kolda,Drinking water,2005,0,Surface water
SEN,Senegal,Kolda,Drinking water,2005,83.15617,Unimproved
SEN,Senegal,Kolda,Sanitation,2005,79.70802,Unimproved
SEN,Senegal,Louga,Drinking water,2005,58.01125,At least basic
SEN,Senegal,Louga,Sanitation,2005,34.79345,At least basic
SEN,Senegal,Louga,Hygiene,2005,57.24756,Basic service
SEN,Senegal,Louga,Drinking water,2005,20.94305,Limited service
SEN,Senegal,Louga,Hygiene,2005,21.2065,Limited service
SEN,Senegal,Louga,Sanitation,2005,3.12169,Limited service
SEN,Senegal,Louga,Hygiene,2005,21.54594,No handwashing facility
SEN,Senegal,Louga,Sanitation,2005,35.33745,Open defecation
SEN,Senegal,Louga,Drinking water,2005,0,Surface water
SEN,Senegal,Louga,Drinking water,2005,21.04571,Unimproved
SEN,Senegal,Louga,Sanitation,2005,26.74741,Unimproved
SEN,Senegal,Matam,Sanitation,2005,24.56487,At least basic
SEN,Senegal,Matam,Hygiene,2005,31.90557,Basic service
SEN,Senegal,Matam,Hygiene,2005,46.67432,Limited service
SEN,Senegal,Matam,Sanitation,2005,4.67673,Limited service
SEN,Senegal,Matam,Hygiene,2005,21.42011,No handwashing facility
SEN,Senegal,Matam,Sanitation,2005,27.43034,Open defecation
SEN,Senegal,Matam,Sanitation,2005,43.32806,Unimproved
SEN,Senegal,Saint-Louis,Drinking water,2005,72.2102,At least basic
SEN,Senegal,Saint-Louis,Sanitation,2005,38.16699,At least basic
SEN,Senegal,Saint-Louis,Hygiene,2005,55.79524,Basic service
SEN,Senegal,Saint-Louis,Drinking water,2005,2.02355,Limited service
SEN,Senegal,Saint-Louis,Hygiene,2005,32.09399,Limited service
SEN,Senegal,Saint-Louis,Sanitation,2005,11.74314,Limited service
SEN,Senegal,Saint-Louis,Hygiene,2005,12.11077,No handwashing facility
SEN,Senegal,Saint-Louis,Sanitation,2005,17.13397,Open defecation
SEN,Senegal,Saint-Louis,Drinking water,2005,8.30942,Surface water
SEN,Senegal,Saint-Louis,Drinking water,2005,17.45682,Unimproved
SEN,Senegal,Saint-Louis,Sanitation,2005,32.95589,Unimproved
SEN,Senegal,Tambacounda,Drinking water,2005,33.16314,At least basic
SEN,Senegal,Tambacounda,Sanitation,2005,18.2529,At least basic
SEN,Senegal,Tambacounda,Hygiene,2005,21.12802,Basic service
SEN,Senegal,Tambacounda,Drinking water,2005,8.0189,Limited service
SEN,Senegal,Tambacounda,Hygiene,2005,67.62254,Limited service
SEN,Senegal,Tambacounda,Sanitation,2005,1.47698,Limited service
SEN,Senegal,Tambacounda,Hygiene,2005,11.24944,No handwashing facility
SEN,Senegal,Tambacounda,Sanitation,2005,31.13049,Open defecation
SEN,Senegal,Tambacounda,Drinking water,2005,2.62762,Surface water
SEN,Senegal,Tambacounda,Drinking water,2005,56.19034,Unimproved
SEN,Senegal,Tambacounda,Sanitation,2005,49.13963,Unimproved
SEN,Senegal,ThièS,Drinking water,2005,76.41627,At least basic
SEN,Senegal,ThièS,Sanitation,2005,44.69421,At least basic
SEN,Senegal,ThièS,Hygiene,2005,55.52603,Basic service
SEN,Senegal,ThièS,Drinking water,2005,4.06754,Limited service
SEN,Senegal,ThièS,Hygiene,2005,36.75782,Limited service
SEN,Senegal,ThièS,Sanitation,2005,13.85595,Limited service
SEN,Senegal,ThièS,Hygiene,2005,7.71615,No handwashing facility
SEN,Senegal,ThièS,Sanitation,2005,24.0896,Open defecation
SEN,Senegal,ThièS,Drinking water,2005,0,Surface water
SEN,Senegal,ThièS,Drinking water,2005,19.5162,Unimproved
SEN,Senegal,ThièS,Sanitation,2005,17.36024,Unimproved
SEN,Senegal,Zuguinchor,Drinking water,2005,32.28267,At least basic
SEN,Senegal,Zuguinchor,Sanitation,2005,17.50372,At least basic
SEN,Senegal,Zuguinchor,Hygiene,2005,16.18307,Basic service
SEN,Senegal,Zuguinchor,Drinking water,2005,0.63679,Limited service
SEN,Senegal,Zuguinchor,Hygiene,2005,48.82935,Limited service
SEN,Senegal,Zuguinchor,Sanitation,2005,10.23205,Limited service
SEN,Senegal,Zuguinchor,Hygiene,2005,34.98757,No handwashing facility
SEN,Senegal,Zuguinchor,Sanitation,2005,11.39734,Open defecation
SEN,Senegal,Zuguinchor,Drinking water,2005,0,Surface water
SEN,Senegal,Zuguinchor,Drinking water,2005,67.08053,Unimproved
SEN,Senegal,Zuguinchor,Sanitation,2005,60.86689,Unimproved
SEN,Senegal,Dakar,Drinking water,2000,90.24215,At least basic
SEN,Senegal,Dakar,Sanitation,2000,57.53164,At least basic
SEN,Senegal,Dakar,Drinking water,2000,2.97973,Limited service
SEN,Senegal,Dakar,Sanitation,2000,27.72317,Limited service
SEN,Senegal,Dakar,Sanitation,2000,4.13352,Open defecation
SEN,Senegal,Dakar,Drinking water,2000,0,Surface water
SEN,Senegal,Dakar,Drinking water,2000,6.77813,Unimproved
SEN,Senegal,Dakar,Sanitation,2000,10.61167,Unimproved
SEN,Senegal,Diourbel,Drinking water,2000,72.44405,At least basic
SEN,Senegal,Diourbel,Sanitation,2000,43.34439,At least basic
SEN,Senegal,Diourbel,Drinking water,2000,5.91419,Limited service
SEN,Senegal,Diourbel,Sanitation,2000,5.08837,Limited service
SEN,Senegal,Diourbel,Sanitation,2000,37.44029,Open defecation
SEN,Senegal,Diourbel,Drinking water,2000,0,Surface water
SEN,Senegal,Diourbel,Drinking water,2000,21.64176,Unimproved
SEN,Senegal,Diourbel,Sanitation,2000,14.12694,Unimproved
SEN,Senegal,Fatick,Drinking water,2000,42.7249,At least basic
SEN,Senegal,Fatick,Sanitation,2000,17.14349,At least basic
SEN,Senegal,Fatick,Drinking water,2000,9.7761,Limited service
SEN,Senegal,Fatick,Sanitation,2000,9.13628,Limited service
SEN,Senegal,Fatick,Sanitation,2000,55.24986,Open defecation
SEN,Senegal,Fatick,Drinking water,2000,0,Surface water
SEN,Senegal,Fatick,Drinking water,2000,47.49901,Unimproved
SEN,Senegal,Fatick,Sanitation,2000,18.47038,Unimproved
SEN,Senegal,Kaolack,Drinking water,2000,42.29593,At least basic
SEN,Senegal,Kaolack,Sanitation,2000,30.58364,At least basic
SEN,Senegal,Kaolack,Drinking water,2000,7.82301,Limited service
SEN,Senegal,Kaolack,Sanitation,2000,10.21314,Limited service
SEN,Senegal,Kaolack,Sanitation,2000,36.99798,Open defecation
SEN,Senegal,Kaolack,Drinking water,2000,0.23302,Surface water
SEN,Senegal,Kaolack,Drinking water,2000,49.64805,Unimproved
SEN,Senegal,Kaolack,Sanitation,2000,22.20524,Unimproved
SEN,Senegal,Kolda,Drinking water,2000,26.07824,At least basic
SEN,Senegal,Kolda,Sanitation,2000,33.45512,At least basic
SEN,Senegal,Kolda,Drinking water,2000,1.4512,Limited service
SEN,Senegal,Kolda,Sanitation,2000,9.5892,Limited service
SEN,Senegal,Kolda,Sanitation,2000,20.2146,Open defecation
SEN,Senegal,Kolda,Drinking water,2000,0,Surface water
SEN,Senegal,Kolda,Drinking water,2000,72.47056,Unimproved
SEN,Senegal,Kolda,Sanitation,2000,36.74108,Unimproved
SEN,Senegal,Louga,Drinking water,2000,56.86058,At least basic
SEN,Senegal,Louga,Sanitation,2000,38.34051,At least basic
SEN,Senegal,Louga,Drinking water,2000,20.52764,Limited service
SEN,Senegal,Louga,Sanitation,2000,3.43994,Limited service
SEN,Senegal,Louga,Sanitation,2000,38.21456,Open defecation
SEN,Senegal,Louga,Drinking water,2000,0,Surface water
SEN,Senegal,Louga,Drinking water,2000,22.61178,Unimproved
SEN,Senegal,Louga,Sanitation,2000,20.00499,Unimproved
SEN,Senegal,Saint Louis,Drinking water,2000,62.79093,At least basic
SEN,Senegal,Saint Louis,Sanitation,2000,41.76061,At least basic
SEN,Senegal,Saint Louis,Drinking water,2000,1.7596,Limited service
SEN,Senegal,Saint Louis,Sanitation,2000,12.84882,Limited service
SEN,Senegal,Saint Louis,Sanitation,2000,19.51453,Open defecation
SEN,Senegal,Saint Louis,Drinking water,2000,12.34993,Surface water
SEN,Senegal,Saint Louis,Drinking water,2000,23.09954,Unimproved
SEN,Senegal,Saint Louis,Sanitation,2000,25.87604,Unimproved
SEN,Senegal,Tambacounda,Drinking water,2000,38.27781,At least basic
SEN,Senegal,Tambacounda,Sanitation,2000,35.34254,At least basic
SEN,Senegal,Tambacounda,Drinking water,2000,9.25564,Limited service
SEN,Senegal,Tambacounda,Sanitation,2000,2.85982,Limited service
SEN,Senegal,Tambacounda,Sanitation,2000,35.11858,Open defecation
SEN,Senegal,Tambacounda,Drinking water,2000,10.91473,Surface water
SEN,Senegal,Tambacounda,Drinking water,2000,41.55182,Unimproved
SEN,Senegal,Tambacounda,Sanitation,2000,26.67906,Unimproved
SEN,Senegal,Thies,Drinking water,2000,65.83582,At least basic
SEN,Senegal,Thies,Sanitation,2000,39.50053,At least basic
SEN,Senegal,Thies,Drinking water,2000,3.50435,Limited service
SEN,Senegal,Thies,Sanitation,2000,12.24582,Limited service
SEN,Senegal,Thies,Sanitation,2000,31.82283,Open defecation
SEN,Senegal,Thies,Drinking water,2000,0,Surface water
SEN,Senegal,Thies,Drinking water,2000,30.65983,Unimproved
SEN,Senegal,Thies,Sanitation,2000,16.43082,Unimproved
SEN,Senegal,Ziguinchor,Drinking water,2000,37.51876,At least basic
SEN,Senegal,Ziguinchor,Sanitation,2000,34.20364,At least basic
SEN,Senegal,Ziguinchor,Drinking water,2000,0.74008,Limited service
SEN,Senegal,Ziguinchor,Sanitation,2000,19.99422,Limited service
SEN,Senegal,Ziguinchor,Sanitation,2000,11.06134,Open defecation
SEN,Senegal,Ziguinchor,Drinking water,2000,0,Surface water
SEN,Senegal,Ziguinchor,Drinking water,2000,61.74116,Unimproved
SEN,Senegal,Ziguinchor,Sanitation,2000,34.74079,Unimproved
